<?xml version = '1.0' encoding = 'UTF-8'?>
<Diagram class="oracle.dbtools.crest.swingui.logical.DPVLogical" name="Logical" id="F0D3BA1F-F154-2951-B980-41777FA1319B">
<createdBy>chris</createdBy>
<modifiedBy>chris</modifiedBy>
<createdTime>2020-04-14 01:10:25 UTC</createdTime>
<autoRoute>false</autoRoute>
<boxInbox>true</boxInbox>
<showLegend>false</showLegend>
<showLabels>false</showLabels>
<showRelAttributes>false</showRelAttributes>
<gridEnabled>false</gridEnabled>
<showGrid>false</showGrid>
<diagramColor>-1</diagramColor>
<display>false</display>
<notation>1</notation>
<objectViews>
<OView class="oracle.dbtools.crest.swingui.logical.TVEntity" oid="0D503735-D7CB-086E-C239-B46644376441" otype="Entity" vid="11E75EB2-8E78-1F2D-6399-AD50FD13CE73">
<hideElementsInCurrentOnly>false</hideElementsInCurrentOnly>
<bounds x="0" y="342" width="170" height="110"/>
</OView>
<OView class="oracle.dbtools.crest.swingui.logical.TVEntity" oid="1B215866-C77E-8AA5-B766-6E6262F7E7E1" otype="Entity" vid="16316944-62CF-E7C0-7528-9778F32BD386">
<hideElementsInCurrentOnly>false</hideElementsInCurrentOnly>
<bounds x="1013" y="313" width="170" height="109"/>
</OView>
<OView class="oracle.dbtools.crest.swingui.logical.TVEntity" oid="24724803-9F07-9849-18B1-D7478AB7558B" otype="Entity" vid="42F3DC54-47CA-4CCB-71B3-7557601EB81B">
<hideElementsInCurrentOnly>false</hideElementsInCurrentOnly>
<bounds x="722" y="496" width="170" height="55"/>
</OView>
<OView class="oracle.dbtools.crest.swingui.logical.TVEntity" oid="28570A6B-7B1B-3972-8B7B-C4935D5B6EEB" otype="Entity" vid="36739713-B493-F499-7FE3-CA2248372201">
<hideElementsInCurrentOnly>false</hideElementsInCurrentOnly>
<bounds x="1010" y="130" width="170" height="110"/>
</OView>
<OView class="oracle.dbtools.crest.swingui.logical.TVEntity" oid="4B941B2F-F6FA-0AFC-CE8E-996CE398DEF9" otype="Entity" vid="321F1450-6D19-212C-3C53-44C770E43F31">
<hideElementsInCurrentOnly>false</hideElementsInCurrentOnly>
<bounds x="1291" y="119" width="229" height="133"/>
</OView>
<OView class="oracle.dbtools.crest.swingui.logical.TVEntity" oid="5EBD48D0-C3E2-4EC3-B8B3-3E782A455206" otype="Entity" vid="D99379E4-654D-4FC9-9AA5-B0FA73AEB1A3">
<hideElementsInCurrentOnly>false</hideElementsInCurrentOnly>
<bounds x="686" y="126" width="170" height="118"/>
</OView>
<OView class="oracle.dbtools.crest.swingui.logical.TVEntity" oid="612DFBC3-9977-D87B-1D54-E2652D752075" otype="Entity" vid="EA44D8D1-142A-B85A-620D-E24F09759F76">
<hideElementsInCurrentOnly>false</hideElementsInCurrentOnly>
<bounds x="430" y="344" width="229" height="133"/>
</OView>
<OView class="oracle.dbtools.crest.swingui.logical.TVEntity" oid="6519C6B2-07C6-99F7-F867-C49F138E01F0" otype="Entity" vid="82A6FECD-90D0-1B50-2740-C2BF3BE98644">
<hideElementsInCurrentOnly>false</hideElementsInCurrentOnly>
<bounds x="1308" y="337" width="170" height="76"/>
</OView>
<OView class="oracle.dbtools.crest.swingui.logical.TVEntity" oid="7E445DE3-60DA-82D4-ACB7-B1C6B0664035" otype="Entity" vid="EA69D2A6-948F-A4EC-5673-1F9033520AAB">
<hideElementsInCurrentOnly>false</hideElementsInCurrentOnly>
<bounds x="1318" y="517" width="170" height="110"/>
</OView>
<OView class="oracle.dbtools.crest.swingui.logical.TVEntity" oid="8ACB2438-A149-7F57-D3CA-633CF9D62C4E" otype="Entity" vid="C469C044-F37D-AEC2-A8B9-70CADB026CDB">
<hideElementsInCurrentOnly>false</hideElementsInCurrentOnly>
<bounds x="763" y="46" width="170" height="61"/>
</OView>
<OView class="oracle.dbtools.crest.swingui.logical.TVEntity" oid="A6E6A896-AA58-8422-EBF7-51A1ED6A885B" otype="Entity" vid="BDDCC2B3-30B9-D817-78BE-F364EA3CA161">
<hideElementsInCurrentOnly>false</hideElementsInCurrentOnly>
<bounds x="1609" y="313" width="170" height="111"/>
</OView>
<OView class="oracle.dbtools.crest.swingui.logical.TVEntity" oid="C69D212A-C08A-176A-2480-DE0EA66F3E4A" otype="Entity" vid="FFBC9DC3-249D-3F30-18E0-A457CC3CE305">
<hideElementsInCurrentOnly>false</hideElementsInCurrentOnly>
<bounds x="257" y="143" width="170" height="111"/>
</OView>
<OView class="oracle.dbtools.crest.swingui.logical.TVEntity" oid="D73957BE-3D8A-527F-4BE4-2056AEFBE226" otype="Entity" vid="FCB63194-3E4F-255C-FAC3-E2F93E3A1587">
<hideElementsInCurrentOnly>false</hideElementsInCurrentOnly>
<bounds x="0" y="152" width="170" height="110"/>
</OView>
<OView class="oracle.dbtools.crest.swingui.logical.TVEntity" oid="FC1AE467-7D13-9B59-86ED-8471B1CDD02C" otype="Entity" vid="12B5A8F2-66DD-686E-85B6-BF82E15BA76C">
<hideElementsInCurrentOnly>false</hideElementsInCurrentOnly>
<bounds x="1600" y="100" width="170" height="110"/>
</OView>
</objectViews>
<connectors>
<Connector class="oracle.dbtools.crest.swingui.logical.TVRelation" oid="075F842C-6C27-F09F-5432-E6FB6FC6C965" otype="Relation" vid_source="D99379E4-654D-4FC9-9AA5-B0FA73AEB1A3" vid_target="EA44D8D1-142A-B85A-620D-E24F09759F76">
<hideElementsInCurrentOnly>false</hideElementsInCurrentOnly>
<backgroundColor>-16777216</backgroundColor>
<lineWidth>1</lineWidth>
<points>
<point x="729" y="244"/>
<point x="729" y="408"/>
<point x="659" y="408"/>
</points>
</Connector>
<Connector class="oracle.dbtools.crest.swingui.logical.TVRelation" oid="1AACA1D5-018F-B77A-7FA4-144B75CBA098" otype="Relation" vid_source="FFBC9DC3-249D-3F30-18E0-A457CC3CE305" vid_target="321F1450-6D19-212C-3C53-44C770E43F31">
<hideElementsInCurrentOnly>false</hideElementsInCurrentOnly>
<backgroundColor>-16777216</backgroundColor>
<lineWidth>1</lineWidth>
<points>
<point x="382" y="143"/>
<point x="382" y="29"/>
<point x="1410" y="29"/>
<point x="1410" y="119"/>
</points>
</Connector>
<Connector class="oracle.dbtools.crest.swingui.logical.TVRelation" oid="38C2B390-EBD5-93EC-5729-D47B9C5C3491" otype="Relation" vid_source="16316944-62CF-E7C0-7528-9778F32BD386" vid_target="82A6FECD-90D0-1B50-2740-C2BF3BE98644">
<hideElementsInCurrentOnly>false</hideElementsInCurrentOnly>
<backgroundColor>-16777216</backgroundColor>
<lineWidth>1</lineWidth>
<points>
<point x="1183" y="375"/>
<point x="1308" y="375"/>
</points>
</Connector>
<Connector class="oracle.dbtools.crest.swingui.logical.TVRelation" oid="3B7231F2-E8C9-B72C-FFE7-140CAD68C967" otype="Relation" vid_source="321F1450-6D19-212C-3C53-44C770E43F31" vid_target="82A6FECD-90D0-1B50-2740-C2BF3BE98644">
<hideElementsInCurrentOnly>false</hideElementsInCurrentOnly>
<backgroundColor>-16777216</backgroundColor>
<lineWidth>1</lineWidth>
<points>
<point x="1393" y="252"/>
<point x="1393" y="337"/>
</points>
</Connector>
<Connector class="oracle.dbtools.crest.swingui.logical.TVRelation" oid="40E1C41E-FD9B-B427-A7C7-8EFCE905C16B" otype="Relation" vid_source="FFBC9DC3-249D-3F30-18E0-A457CC3CE305" vid_target="D99379E4-654D-4FC9-9AA5-B0FA73AEB1A3">
<hideElementsInCurrentOnly>false</hideElementsInCurrentOnly>
<backgroundColor>-16777216</backgroundColor>
<lineWidth>1</lineWidth>
<points>
<point x="427" y="193"/>
<point x="686" y="193"/>
</points>
</Connector>
<Connector class="oracle.dbtools.crest.swingui.logical.TVRelation" oid="5B9F8C94-1F4D-AEA8-9C5A-D822EEF3986A" otype="Relation" vid_source="D99379E4-654D-4FC9-9AA5-B0FA73AEB1A3" vid_target="16316944-62CF-E7C0-7528-9778F32BD386">
<hideElementsInCurrentOnly>false</hideElementsInCurrentOnly>
<backgroundColor>-16777216</backgroundColor>
<lineWidth>1</lineWidth>
<points>
<point x="832" y="244"/>
<point x="832" y="375"/>
<point x="1013" y="375"/>
</points>
</Connector>
<Connector class="oracle.dbtools.crest.swingui.logical.TVRelation" oid="5E4B5495-5BDC-4F38-9086-7658A5F6A297" otype="Relation" vid_source="11E75EB2-8E78-1F2D-6399-AD50FD13CE73" vid_target="FCB63194-3E4F-255C-FAC3-E2F93E3A1587">
<hideElementsInCurrentOnly>false</hideElementsInCurrentOnly>
<backgroundColor>-16777216</backgroundColor>
<lineWidth>1</lineWidth>
<points>
<point x="85" y="342"/>
<point x="85" y="262"/>
</points>
</Connector>
<Connector class="oracle.dbtools.crest.swingui.logical.TVRelation" oid="686D72DE-9181-49E0-1CB3-DA0462A7ADA5" otype="Relation" vid_source="EA69D2A6-948F-A4EC-5673-1F9033520AAB" vid_target="82A6FECD-90D0-1B50-2740-C2BF3BE98644">
<hideElementsInCurrentOnly>false</hideElementsInCurrentOnly>
<backgroundColor>-16777216</backgroundColor>
<lineWidth>1</lineWidth>
<points>
<point x="1398" y="517"/>
<point x="1398" y="413"/>
</points>
</Connector>
<Connector class="oracle.dbtools.crest.swingui.logical.TVRelation" oid="7B9AF26C-BBA1-5D14-81CA-4B805840407A" otype="Relation" vid_source="BDDCC2B3-30B9-D817-78BE-F364EA3CA161" vid_target="12B5A8F2-66DD-686E-85B6-BF82E15BA76C">
<hideElementsInCurrentOnly>false</hideElementsInCurrentOnly>
<backgroundColor>-16777216</backgroundColor>
<lineWidth>1</lineWidth>
<points>
<point x="1689" y="313"/>
<point x="1689" y="210"/>
</points>
</Connector>
<Connector class="oracle.dbtools.crest.swingui.logical.TVRelation" oid="9B5799E3-08E7-DE05-8FAB-36D3D02D26A1" otype="Relation" vid_source="FFBC9DC3-249D-3F30-18E0-A457CC3CE305" vid_target="EA69D2A6-948F-A4EC-5673-1F9033520AAB">
<hideElementsInCurrentOnly>false</hideElementsInCurrentOnly>
<backgroundColor>-16777216</backgroundColor>
<lineWidth>1</lineWidth>
<points>
<point x="380" y="254"/>
<point x="380" y="577"/>
<point x="1318" y="577"/>
</points>
</Connector>
<Connector class="oracle.dbtools.crest.swingui.logical.TVRelation" oid="A936B051-D88F-D424-D824-86D5B12F8DF9" otype="Relation" vid_source="EA69D2A6-948F-A4EC-5673-1F9033520AAB" vid_target="42F3DC54-47CA-4CCB-71B3-7557601EB81B">
<hideElementsInCurrentOnly>false</hideElementsInCurrentOnly>
<backgroundColor>-16777216</backgroundColor>
<lineWidth>1</lineWidth>
<points>
<point x="1318" y="534"/>
<point x="892" y="534"/>
</points>
</Connector>
<Connector class="oracle.dbtools.crest.swingui.logical.TVRelation" oid="C236B91D-570A-1DA1-591D-5EAF842DD5B9" otype="Relation" vid_source="36739713-B493-F499-7FE3-CA2248372201" vid_target="C469C044-F37D-AEC2-A8B9-70CADB026CDB">
<hideElementsInCurrentOnly>false</hideElementsInCurrentOnly>
<backgroundColor>-16777216</backgroundColor>
<lineWidth>1</lineWidth>
<points>
<point x="1084" y="130"/>
<point x="1084" y="68"/>
<point x="933" y="68"/>
</points>
</Connector>
<Connector class="oracle.dbtools.crest.swingui.logical.TVRelation" oid="C373B78A-32B5-03AA-3AC0-DED4FFFF10FA" otype="Relation" vid_source="FFBC9DC3-249D-3F30-18E0-A457CC3CE305" vid_target="EA69D2A6-948F-A4EC-5673-1F9033520AAB">
<hideElementsInCurrentOnly>false</hideElementsInCurrentOnly>
<backgroundColor>-16777216</backgroundColor>
<lineWidth>1</lineWidth>
<points>
<point x="343" y="254"/>
<point x="343" y="605"/>
<point x="1318" y="605"/>
</points>
</Connector>
<Connector class="oracle.dbtools.crest.swingui.logical.TVRelation" oid="CC0EE684-5CF4-2B71-F13F-98D0A1B82F79" otype="Relation" vid_source="FFBC9DC3-249D-3F30-18E0-A457CC3CE305" vid_target="12B5A8F2-66DD-686E-85B6-BF82E15BA76C">
<hideElementsInCurrentOnly>false</hideElementsInCurrentOnly>
<backgroundColor>-16777216</backgroundColor>
<lineWidth>1</lineWidth>
<points>
<point x="355" y="143"/>
<point x="355" y="15"/>
<point x="1669" y="19"/>
<point x="1669" y="100"/>
</points>
</Connector>
<Connector class="oracle.dbtools.crest.swingui.logical.TVRelation" oid="CDED433E-07DA-1DC4-09DC-8FD29E218147" otype="Relation" vid_source="D99379E4-654D-4FC9-9AA5-B0FA73AEB1A3" vid_target="42F3DC54-47CA-4CCB-71B3-7557601EB81B">
<hideElementsInCurrentOnly>false</hideElementsInCurrentOnly>
<backgroundColor>-16777216</backgroundColor>
<lineWidth>1</lineWidth>
<points>
<point x="804" y="244"/>
<point x="804" y="496"/>
</points>
</Connector>
<Connector class="oracle.dbtools.crest.swingui.logical.TVRelation" oid="D2F7CF43-D597-BC33-F07F-395B85313A2E" otype="Relation" vid_source="321F1450-6D19-212C-3C53-44C770E43F31" vid_target="12B5A8F2-66DD-686E-85B6-BF82E15BA76C">
<hideElementsInCurrentOnly>false</hideElementsInCurrentOnly>
<backgroundColor>-16777216</backgroundColor>
<lineWidth>1</lineWidth>
<points>
<point x="1520" y="164"/>
<point x="1600" y="164"/>
</points>
</Connector>
<Connector class="oracle.dbtools.crest.swingui.logical.TVRelation" oid="D56F9204-6610-ED58-9A46-F6FBC3316E8F" otype="Relation" vid_source="321F1450-6D19-212C-3C53-44C770E43F31" vid_target="36739713-B493-F499-7FE3-CA2248372201">
<hideElementsInCurrentOnly>false</hideElementsInCurrentOnly>
<backgroundColor>-16777216</backgroundColor>
<lineWidth>1</lineWidth>
<points>
<point x="1291" y="185"/>
<point x="1180" y="185"/>
</points>
</Connector>
<Connector class="oracle.dbtools.crest.swingui.logical.TVRelation" oid="F2AB2CBC-CFEA-0275-908C-658D5EC0FDE7" otype="Relation" vid_source="D99379E4-654D-4FC9-9AA5-B0FA73AEB1A3" vid_target="36739713-B493-F499-7FE3-CA2248372201">
<hideElementsInCurrentOnly>false</hideElementsInCurrentOnly>
<backgroundColor>-16777216</backgroundColor>
<lineWidth>1</lineWidth>
<points>
<point x="856" y="185"/>
<point x="1010" y="185"/>
</points>
</Connector>
<Connector class="oracle.dbtools.crest.swingui.logical.TVRelation" oid="F968C9E8-8EED-FC88-CFE0-7ABD97943B6F" otype="Relation" vid_source="FCB63194-3E4F-255C-FAC3-E2F93E3A1587" vid_target="FFBC9DC3-249D-3F30-18E0-A457CC3CE305">
<hideElementsInCurrentOnly>false</hideElementsInCurrentOnly>
<backgroundColor>-16777216</backgroundColor>
<lineWidth>1</lineWidth>
<points>
<point x="170" y="203"/>
<point x="257" y="203"/>
</points>
</Connector>
</connectors>
</Diagram>