<?xml version = '1.0' encoding = 'UTF-8'?>
<Entity class="oracle.dbtools.crest.model.design.logical.Entity" directorySegmentName="seg_0" id="4A556AB6-E6AD-9999-1638-557A0A79D08B" name="PRODUCTO">
<createdBy>chris</createdBy>
<createdTime>2022-04-20 15:27:44 UTC</createdTime>
<ownerDesignName>MER_Farmacia_010D</ownerDesignName>
<engineerTo>
<item key="4BB900EA-AB15-2805-8A25-34E68930919D" value="true"/>
</engineerTo>
<adequatelyNormalized>NO</adequatelyNormalized>
<expectedVolumes>0</expectedVolumes>
<fwdEngineeringStrategyName>Single Table</fwdEngineeringStrategyName>
<growthPercent>0</growthPercent>
<growthType>Year</growthType>
<maxVolumes>9999999</maxVolumes>
<minVolumes>0</minVolumes>
<normalForm>Third</normalForm>
<attributes itemClass="oracle.dbtools.crest.model.design.logical.Attribute">
<Attribute name="id_producto" id="A02CFA54-1712-1384-09D6-F6A460AF814C">
<createdBy>chris</createdBy>
<createdTime>2022-04-20 15:36:47 UTC</createdTime>
<ownerDesignName>MER_Farmacia_010D</ownerDesignName>
<engineerTo>
<item key="4BB900EA-AB15-2805-8A25-34E68930919D" value="true"/>
</engineerTo>
<useDomainConstraints>false</useDomainConstraints>
<use>1</use>
<logicalDatatype>LOGDT019</logicalDatatype>
<ownDataTypeParameters>,,</ownDataTypeParameters>
</Attribute>
<Attribute name="desripcion" id="9402DEEC-3AFF-2DB8-A8D4-C8CE1DC4795B">
<createdBy>chris</createdBy>
<createdTime>2022-04-20 15:37:06 UTC</createdTime>
<ownerDesignName>MER_Farmacia_010D</ownerDesignName>
<engineerTo>
<item key="4BB900EA-AB15-2805-8A25-34E68930919D" value="true"/>
</engineerTo>
<useDomainConstraints>false</useDomainConstraints>
<use>1</use>
<logicalDatatype>LOGDT024</logicalDatatype>
<ownDataTypeParameters>,,</ownDataTypeParameters>
</Attribute>
<Attribute name="componente_principal" id="86734351-EA5B-B562-F4B6-79B6B954FD13">
<createdBy>chris</createdBy>
<createdTime>2022-04-20 15:37:56 UTC</createdTime>
<ownerDesignName>MER_Farmacia_010D</ownerDesignName>
<engineerTo>
<item key="4BB900EA-AB15-2805-8A25-34E68930919D" value="true"/>
</engineerTo>
<useDomainConstraints>false</useDomainConstraints>
<use>1</use>
<logicalDatatype>LOGDT024</logicalDatatype>
<ownDataTypeParameters>,,</ownDataTypeParameters>
</Attribute>
<Attribute name="cant_comp_principal" id="A77E320B-0204-1201-D677-FF6B8FACD764">
<createdBy>chris</createdBy>
<createdTime>2022-04-20 15:38:05 UTC</createdTime>
<ownerDesignName>MER_Farmacia_010D</ownerDesignName>
<engineerTo>
<item key="4BB900EA-AB15-2805-8A25-34E68930919D" value="true"/>
</engineerTo>
<useDomainConstraints>false</useDomainConstraints>
<use>1</use>
<logicalDatatype>LOGDT019</logicalDatatype>
<ownDataTypeParameters>,,</ownDataTypeParameters>
</Attribute>
<Attribute name="precio_unitario" id="F4078754-4219-43E5-B32E-3E992797C09E">
<createdBy>chris</createdBy>
<createdTime>2022-04-20 15:38:28 UTC</createdTime>
<ownerDesignName>MER_Farmacia_010D</ownerDesignName>
<engineerTo>
<item key="4BB900EA-AB15-2805-8A25-34E68930919D" value="true"/>
</engineerTo>
<useDomainConstraints>false</useDomainConstraints>
<use>1</use>
<logicalDatatype>LOGDT019</logicalDatatype>
<ownDataTypeParameters>,,</ownDataTypeParameters>
</Attribute>
<Attribute name="stock" id="9C59376A-0EA9-9467-2247-1C3E381EEEAE">
<createdBy>chris</createdBy>
<createdTime>2022-04-20 15:39:05 UTC</createdTime>
<ownerDesignName>MER_Farmacia_010D</ownerDesignName>
<engineerTo>
<item key="4BB900EA-AB15-2805-8A25-34E68930919D" value="true"/>
</engineerTo>
<useDomainConstraints>false</useDomainConstraints>
<use>1</use>
<logicalDatatype>LOGDT019</logicalDatatype>
<ownDataTypeParameters>,,</ownDataTypeParameters>
</Attribute>
<Attribute name="tipo_producto" id="8C29AD09-4A8B-864B-9BB2-3E2AD26D2915">
<createdBy>chris</createdBy>
<createdTime>2022-04-20 15:39:56 UTC</createdTime>
<ownerDesignName>MER_Farmacia_010D</ownerDesignName>
<engineerTo>
<item key="4BB900EA-AB15-2805-8A25-34E68930919D" value="true"/>
</engineerTo>
<useDomainConstraints>false</useDomainConstraints>
<use>1</use>
<logicalDatatype>LOGDT024</logicalDatatype>
<ownDataTypeParameters>,,</ownDataTypeParameters>
</Attribute>
<Attribute name="rut_laboratorio" id="67EFCAE2-5B59-2BDD-300C-406860221E7D">
<createdBy>chris</createdBy>
<createdTime>2022-04-20 15:43:49 UTC</createdTime>
<generatorID>3B8C8A11-B350-27D5-42A2-9C7B18BBF558</generatorID>
<ownerDesignName>MER_Farmacia_010D</ownerDesignName>
<engineerTo>
<item key="4BB900EA-AB15-2805-8A25-34E68930919D" value="true"/>
</engineerTo>
<referedAttribute>616BEF78-1889-BF5A-04E4-3FAD39D011A4</referedAttribute>
<useDomainConstraints>false</useDomainConstraints>
<use>1</use>
<logicalDatatype>LOGDT024</logicalDatatype>
<ownDataTypeParameters>,,</ownDataTypeParameters>
</Attribute>
</attributes>
<identifiers itemClass="oracle.dbtools.crest.model.design.logical.CandidateKey">
<identifier id="1BE563DF-8627-54DE-DA27-7E55120701DA" name="PRODUCTO PK">
<createdBy>chris</createdBy>
<createdTime>2022-04-20 15:37:04 UTC</createdTime>
<ownerDesignName>MER_Farmacia_010D</ownerDesignName>
<engineerTo>
<item key="4BB900EA-AB15-2805-8A25-34E68930919D" value="true"/>
</engineerTo>
<pk>true</pk>
<usedAttributes>
<attributeRef>A02CFA54-1712-1384-09D6-F6A460AF814C</attributeRef>
</usedAttributes>
</identifier>
</identifiers>
</Entity>