<?xml version = '1.0' encoding = 'UTF-8'?>
<Entity class="oracle.dbtools.crest.model.design.logical.Entity" directorySegmentName="seg_0" id="56A06CE3-3286-692D-6918-DA714D710284" name="DETALLE_VENTA">
<createdBy>chris</createdBy>
<createdTime>2022-04-20 15:52:03 UTC</createdTime>
<ownerDesignName>MER_Farmacia_010D</ownerDesignName>
<engineerTo>
<item key="4BB900EA-AB15-2805-8A25-34E68930919D" value="true"/>
</engineerTo>
<adequatelyNormalized>NO</adequatelyNormalized>
<expectedVolumes>0</expectedVolumes>
<fwdEngineeringStrategyName>Single Table</fwdEngineeringStrategyName>
<growthPercent>0</growthPercent>
<growthType>Year</growthType>
<maxVolumes>9999999</maxVolumes>
<minVolumes>0</minVolumes>
<normalForm>Third</normalForm>
<attributes itemClass="oracle.dbtools.crest.model.design.logical.Attribute">
<Attribute name="id_detalle_venta" id="739431C0-0D94-5D47-C657-AEC5ADCDBFC9">
<createdBy>chris</createdBy>
<createdTime>2022-04-20 15:52:38 UTC</createdTime>
<ownerDesignName>MER_Farmacia_010D</ownerDesignName>
<engineerTo>
<item key="4BB900EA-AB15-2805-8A25-34E68930919D" value="true"/>
</engineerTo>
<useDomainConstraints>false</useDomainConstraints>
<use>1</use>
<logicalDatatype>LOGDT019</logicalDatatype>
<ownDataTypeParameters>,,</ownDataTypeParameters>
</Attribute>
<Attribute name="id_venta" id="37AA013E-8A67-9DBD-6D27-A7A196F90828">
<createdBy>chris</createdBy>
<createdTime>2022-04-20 15:52:56 UTC</createdTime>
<generatorID>CE930C24-B7E0-AC3E-BEF8-DCA1689E43D8</generatorID>
<ownerDesignName>MER_Farmacia_010D</ownerDesignName>
<engineerTo>
<item key="4BB900EA-AB15-2805-8A25-34E68930919D" value="true"/>
</engineerTo>
<referedAttribute>9BB308ED-2BAE-54B7-E24E-98150F6FCBD9</referedAttribute>
<useDomainConstraints>false</useDomainConstraints>
<use>1</use>
<logicalDatatype>LOGDT019</logicalDatatype>
<ownDataTypeParameters>,,</ownDataTypeParameters>
</Attribute>
<Attribute name="id_producto" id="19B85903-C916-B9E7-4713-59DBBF75C9EE">
<createdBy>chris</createdBy>
<createdTime>2022-04-20 15:53:07 UTC</createdTime>
<generatorID>8D7E5AF6-DF7A-4F8B-39C2-4D2914675DF6</generatorID>
<ownerDesignName>MER_Farmacia_010D</ownerDesignName>
<engineerTo>
<item key="4BB900EA-AB15-2805-8A25-34E68930919D" value="true"/>
</engineerTo>
<referedAttribute>A02CFA54-1712-1384-09D6-F6A460AF814C</referedAttribute>
<useDomainConstraints>false</useDomainConstraints>
<use>1</use>
<logicalDatatype>LOGDT019</logicalDatatype>
<ownDataTypeParameters>,,</ownDataTypeParameters>
</Attribute>
<Attribute name="cantidad" id="391E7FB1-681D-88B5-3152-0BC03183B1D4">
<createdBy>chris</createdBy>
<createdTime>2022-04-20 15:54:12 UTC</createdTime>
<ownerDesignName>MER_Farmacia_010D</ownerDesignName>
<engineerTo>
<item key="4BB900EA-AB15-2805-8A25-34E68930919D" value="true"/>
</engineerTo>
<useDomainConstraints>false</useDomainConstraints>
<use>1</use>
<logicalDatatype>LOGDT019</logicalDatatype>
<ownDataTypeParameters>,,</ownDataTypeParameters>
</Attribute>
<Attribute name="precio_venta" id="FD43676F-156F-7F56-4605-C11F73928294">
<createdBy>chris</createdBy>
<createdTime>2022-04-20 15:54:20 UTC</createdTime>
<ownerDesignName>MER_Farmacia_010D</ownerDesignName>
<engineerTo>
<item key="4BB900EA-AB15-2805-8A25-34E68930919D" value="true"/>
</engineerTo>
<use>0</use>
<ownDataTypeParameters>,,</ownDataTypeParameters>
</Attribute>
<Attribute name="subtotal" id="9416E4CA-B126-BAB2-0920-4D6ADDD8C849">
<createdBy>chris</createdBy>
<createdTime>2022-04-20 15:55:10 UTC</createdTime>
<ownerDesignName>MER_Farmacia_010D</ownerDesignName>
<engineerTo>
<item key="4BB900EA-AB15-2805-8A25-34E68930919D" value="true"/>
</engineerTo>
<useDomainConstraints>false</useDomainConstraints>
<use>1</use>
<logicalDatatype>LOGDT019</logicalDatatype>
<ownDataTypeParameters>,,</ownDataTypeParameters>
</Attribute>
</attributes>
<identifiers itemClass="oracle.dbtools.crest.model.design.logical.CandidateKey">
<identifier id="CC412243-AB79-CF19-DEBD-EBE416DC3A0C" name="DETALLE_VENTA PK">
<createdBy>chris</createdBy>
<createdTime>2022-04-20 15:52:49 UTC</createdTime>
<ownerDesignName>MER_Farmacia_010D</ownerDesignName>
<engineerTo>
<item key="4BB900EA-AB15-2805-8A25-34E68930919D" value="true"/>
</engineerTo>
<pk>true</pk>
<usedAttributes>
<attributeRef>739431C0-0D94-5D47-C657-AEC5ADCDBFC9</attributeRef>
</usedAttributes>
</identifier>
</identifiers>
</Entity>