<?xml version = '1.0' encoding = 'UTF-8'?>
<Entity class="oracle.dbtools.crest.model.design.logical.Entity" directorySegmentName="seg_0" id="873406FA-7E6D-5617-15E1-654051400B05" name="DETALLE_OFERTA">
<createdBy>Cetecom</createdBy>
<createdTime>2022-04-20 20:53:52 UTC</createdTime>
<ownerDesignName>MER_Farmacia_010D</ownerDesignName>
<engineerTo>
<item key="4BB900EA-AB15-2805-8A25-34E68930919D" value="true"/>
</engineerTo>
<adequatelyNormalized>NO</adequatelyNormalized>
<expectedVolumes>0</expectedVolumes>
<fwdEngineeringStrategyName>Single Table</fwdEngineeringStrategyName>
<growthPercent>0</growthPercent>
<growthType>Year</growthType>
<maxVolumes>9999999</maxVolumes>
<minVolumes>0</minVolumes>
<normalForm>Third</normalForm>
<attributes itemClass="oracle.dbtools.crest.model.design.logical.Attribute">
<Attribute name="id_detalle_oferta" id="B391F3CB-F1EF-93BB-D9E2-4DE4EF4AFAC8">
<createdBy>Cetecom</createdBy>
<createdTime>2022-04-20 20:54:06 UTC</createdTime>
<ownerDesignName>MER_Farmacia_010D</ownerDesignName>
<engineerTo>
<item key="4BB900EA-AB15-2805-8A25-34E68930919D" value="true"/>
</engineerTo>
<useDomainConstraints>false</useDomainConstraints>
<use>1</use>
<logicalDatatype>LOGDT019</logicalDatatype>
<ownDataTypeParameters>,,</ownDataTypeParameters>
</Attribute>
<Attribute name="id_producto" id="2A0F77B7-7C62-A94D-2317-31950688559A">
<createdBy>Cetecom</createdBy>
<createdTime>2022-04-20 20:54:47 UTC</createdTime>
<generatorID>93A2EBE6-5647-87FC-A98E-6A7F009574C3</generatorID>
<ownerDesignName>MER_Farmacia_010D</ownerDesignName>
<engineerTo>
<item key="4BB900EA-AB15-2805-8A25-34E68930919D" value="true"/>
</engineerTo>
<referedAttribute>A02CFA54-1712-1384-09D6-F6A460AF814C</referedAttribute>
<useDomainConstraints>false</useDomainConstraints>
<use>1</use>
<logicalDatatype>LOGDT019</logicalDatatype>
<ownDataTypeParameters>,,</ownDataTypeParameters>
</Attribute>
<Attribute name="id_oferta" id="04181272-C0D5-21CE-CE1F-44B8064E5418">
<createdBy>Cetecom</createdBy>
<createdTime>2022-04-20 20:54:58 UTC</createdTime>
<generatorID>5E3AF16F-4F0A-CE96-65FE-243D47CCDD5D</generatorID>
<ownerDesignName>MER_Farmacia_010D</ownerDesignName>
<engineerTo>
<item key="4BB900EA-AB15-2805-8A25-34E68930919D" value="true"/>
</engineerTo>
<referedAttribute>B40C5833-A70F-5EC9-9081-7AC8FB8DE661</referedAttribute>
<useDomainConstraints>false</useDomainConstraints>
<use>1</use>
<logicalDatatype>LOGDT019</logicalDatatype>
<ownDataTypeParameters>,,</ownDataTypeParameters>
</Attribute>
</attributes>
<identifiers itemClass="oracle.dbtools.crest.model.design.logical.CandidateKey">
<identifier id="CE433389-C57C-4CFB-D4F9-E362701C307A" name="DETALLE_OFERTA PK">
<createdBy>Cetecom</createdBy>
<createdTime>2022-04-20 20:54:33 UTC</createdTime>
<ownerDesignName>MER_Farmacia_010D</ownerDesignName>
<engineerTo>
<item key="4BB900EA-AB15-2805-8A25-34E68930919D" value="true"/>
</engineerTo>
<pk>true</pk>
<usedAttributes>
<attributeRef>B391F3CB-F1EF-93BB-D9E2-4DE4EF4AFAC8</attributeRef>
</usedAttributes>
</identifier>
</identifiers>
</Entity>