<?xml version = '1.0' encoding = 'UTF-8'?>
<Entity class="oracle.dbtools.crest.model.design.logical.Entity" directorySegmentName="seg_0" id="F00E59AE-3813-756A-58A3-F45DC926F9E5" name="VENTA">
<createdBy>chris</createdBy>
<createdTime>2022-04-20 15:28:01 UTC</createdTime>
<ownerDesignName>MER_Farmacia_010D</ownerDesignName>
<engineerTo>
<item key="4BB900EA-AB15-2805-8A25-34E68930919D" value="true"/>
</engineerTo>
<adequatelyNormalized>NO</adequatelyNormalized>
<expectedVolumes>0</expectedVolumes>
<fwdEngineeringStrategyName>Single Table</fwdEngineeringStrategyName>
<growthPercent>0</growthPercent>
<growthType>Year</growthType>
<maxVolumes>9999999</maxVolumes>
<minVolumes>0</minVolumes>
<normalForm>Third</normalForm>
<attributes itemClass="oracle.dbtools.crest.model.design.logical.Attribute">
<Attribute name="id_venta" id="9BB308ED-2BAE-54B7-E24E-98150F6FCBD9">
<createdBy>chris</createdBy>
<createdTime>2022-04-20 15:47:51 UTC</createdTime>
<ownerDesignName>MER_Farmacia_010D</ownerDesignName>
<engineerTo>
<item key="4BB900EA-AB15-2805-8A25-34E68930919D" value="true"/>
</engineerTo>
<useDomainConstraints>false</useDomainConstraints>
<use>1</use>
<logicalDatatype>LOGDT019</logicalDatatype>
<ownDataTypeParameters>,,</ownDataTypeParameters>
</Attribute>
<Attribute name="tipo_documento" id="02E286E5-A9E4-040F-8BFA-0B4618EB858B">
<createdBy>chris</createdBy>
<createdTime>2022-04-20 15:48:02 UTC</createdTime>
<ownerDesignName>MER_Farmacia_010D</ownerDesignName>
<engineerTo>
<item key="4BB900EA-AB15-2805-8A25-34E68930919D" value="true"/>
</engineerTo>
<useDomainConstraints>false</useDomainConstraints>
<use>1</use>
<logicalDatatype>LOGDT024</logicalDatatype>
<ownDataTypeParameters>,,</ownDataTypeParameters>
</Attribute>
<Attribute name="fecha_venta" id="3A67C7FF-2C12-52E5-6960-3B911D34D0F9">
<createdBy>chris</createdBy>
<createdTime>2022-04-20 15:48:17 UTC</createdTime>
<ownerDesignName>MER_Farmacia_010D</ownerDesignName>
<engineerTo>
<item key="4BB900EA-AB15-2805-8A25-34E68930919D" value="true"/>
</engineerTo>
<useDomainConstraints>false</useDomainConstraints>
<use>1</use>
<logicalDatatype>LOGDT007</logicalDatatype>
<ownDataTypeParameters>,,</ownDataTypeParameters>
</Attribute>
<Attribute name="rut_cliente" id="A53D68F3-EF15-A0F4-D471-511EE543F071">
<createdBy>chris</createdBy>
<createdTime>2022-04-20 15:49:24 UTC</createdTime>
<generatorID>5C302467-0480-B576-BA4C-438F22779067</generatorID>
<ownerDesignName>MER_Farmacia_010D</ownerDesignName>
<engineerTo>
<item key="4BB900EA-AB15-2805-8A25-34E68930919D" value="true"/>
</engineerTo>
<nullsAllowed>true</nullsAllowed>
<referedAttribute>848CD020-7C6A-EB3E-CC39-8C5015701269</referedAttribute>
<useDomainConstraints>false</useDomainConstraints>
<use>1</use>
<logicalDatatype>LOGDT024</logicalDatatype>
<ownDataTypeParameters>,,</ownDataTypeParameters>
</Attribute>
<Attribute name="rut_trabajador" id="0142C634-68F9-3BF2-C860-80C4BC051002">
<createdBy>chris</createdBy>
<createdTime>2022-04-20 15:50:25 UTC</createdTime>
<generatorID>BB240AE0-0B14-260D-BA70-070C0CFD7CA8</generatorID>
<ownerDesignName>MER_Farmacia_010D</ownerDesignName>
<engineerTo>
<item key="4BB900EA-AB15-2805-8A25-34E68930919D" value="true"/>
</engineerTo>
<referedAttribute>6DB2D617-9001-668D-10E2-00BA9D336808</referedAttribute>
<useDomainConstraints>false</useDomainConstraints>
<use>1</use>
<logicalDatatype>LOGDT024</logicalDatatype>
<ownDataTypeParameters>,,</ownDataTypeParameters>
</Attribute>
<Attribute name="total_venta" id="E92A9BEC-A3C8-0A73-37A5-5EA070366F4F">
<createdBy>chris</createdBy>
<createdTime>2022-04-20 15:55:41 UTC</createdTime>
<ownerDesignName>MER_Farmacia_010D</ownerDesignName>
<engineerTo>
<item key="4BB900EA-AB15-2805-8A25-34E68930919D" value="true"/>
</engineerTo>
<useDomainConstraints>false</useDomainConstraints>
<use>1</use>
<logicalDatatype>LOGDT019</logicalDatatype>
<ownDataTypeParameters>,,</ownDataTypeParameters>
</Attribute>
</attributes>
<identifiers itemClass="oracle.dbtools.crest.model.design.logical.CandidateKey">
<identifier id="6D49E885-34B2-7BFA-2FA3-4859D1370B19" name="VENTA PK">
<createdBy>chris</createdBy>
<createdTime>2022-04-20 15:48:01 UTC</createdTime>
<ownerDesignName>MER_Farmacia_010D</ownerDesignName>
<engineerTo>
<item key="4BB900EA-AB15-2805-8A25-34E68930919D" value="true"/>
</engineerTo>
<pk>true</pk>
<usedAttributes>
<attributeRef>9BB308ED-2BAE-54B7-E24E-98150F6FCBD9</attributeRef>
</usedAttributes>
</identifier>
</identifiers>
</Entity>