<?xml version = '1.0' encoding = 'UTF-8'?>
<Entity class="oracle.dbtools.crest.model.design.logical.Entity" directorySegmentName="seg_0" id="74EAA96F-DB43-9E51-2AF1-94264D4FD3BF" name="HABITAT">
<createdBy>Cetecom</createdBy>
<createdTime>2022-04-06 21:16:32 UTC</createdTime>
<ownerDesignName>MER_Zoo_010D</ownerDesignName>
<engineerTo>
<item key="646F607B-A239-728E-92D5-14B7A4B16052" value="true"/>
</engineerTo>
<adequatelyNormalized>NO</adequatelyNormalized>
<expectedVolumes>0</expectedVolumes>
<fwdEngineeringStrategyName>Single Table</fwdEngineeringStrategyName>
<growthPercent>0</growthPercent>
<growthType>Year</growthType>
<maxVolumes>9999999</maxVolumes>
<minVolumes>0</minVolumes>
<normalForm>Third</normalForm>
<attributes itemClass="oracle.dbtools.crest.model.design.logical.Attribute">
<Attribute name="id_habitat" id="652856C0-190B-7011-1FE0-09D7F95429FF">
<createdBy>Cetecom</createdBy>
<createdTime>2022-04-13 20:52:29 UTC</createdTime>
<ownerDesignName>MER_Zoo_010D</ownerDesignName>
<engineerTo>
<item key="646F607B-A239-728E-92D5-14B7A4B16052" value="true"/>
</engineerTo>
<useDomainConstraints>false</useDomainConstraints>
<use>1</use>
<logicalDatatype>LOGDT019</logicalDatatype>
<ownDataTypeParameters>,,</ownDataTypeParameters>
</Attribute>
<Attribute name="nombre" id="50978EDB-27DA-26E0-49A0-5550B553FA1D">
<createdBy>Cetecom</createdBy>
<createdTime>2022-04-13 20:52:50 UTC</createdTime>
<ownerDesignName>MER_Zoo_010D</ownerDesignName>
<engineerTo>
<item key="646F607B-A239-728E-92D5-14B7A4B16052" value="true"/>
</engineerTo>
<useDomainConstraints>false</useDomainConstraints>
<use>1</use>
<logicalDatatype>LOGDT024</logicalDatatype>
<ownDataTypeParameters>,,</ownDataTypeParameters>
</Attribute>
<Attribute name="clima" id="8541945D-9320-6A92-F7A8-016F2209CBAA">
<createdBy>Cetecom</createdBy>
<createdTime>2022-04-13 20:52:56 UTC</createdTime>
<ownerDesignName>MER_Zoo_010D</ownerDesignName>
<engineerTo>
<item key="646F607B-A239-728E-92D5-14B7A4B16052" value="true"/>
</engineerTo>
<useDomainConstraints>false</useDomainConstraints>
<use>1</use>
<logicalDatatype>LOGDT024</logicalDatatype>
<ownDataTypeParameters>,,</ownDataTypeParameters>
</Attribute>
<Attribute name="tipo_vegatacion" id="D18A1185-EFF7-B48C-DD9B-904BEC7C5EC7">
<createdBy>Cetecom</createdBy>
<createdTime>2022-04-13 20:53:03 UTC</createdTime>
<ownerDesignName>MER_Zoo_010D</ownerDesignName>
<engineerTo>
<item key="646F607B-A239-728E-92D5-14B7A4B16052" value="true"/>
</engineerTo>
<useDomainConstraints>false</useDomainConstraints>
<use>1</use>
<logicalDatatype>LOGDT024</logicalDatatype>
<ownDataTypeParameters>,,</ownDataTypeParameters>
</Attribute>
<Attribute name="id_continente" id="35ECFBBA-343C-1F86-88A9-7A564EE86258">
<createdBy>Cetecom</createdBy>
<createdTime>2022-04-13 20:59:04 UTC</createdTime>
<generatorID>B6F6E9E4-37DC-5ABE-9244-1D20FE598B86</generatorID>
<ownerDesignName>MER_Zoo_010D</ownerDesignName>
<engineerTo>
<item key="646F607B-A239-728E-92D5-14B7A4B16052" value="true"/>
</engineerTo>
<referedAttribute>3B60B6A4-456C-1D09-927B-35E1D82BED81</referedAttribute>
<useDomainConstraints>false</useDomainConstraints>
<use>1</use>
<logicalDatatype>LOGDT019</logicalDatatype>
<ownDataTypeParameters>,,</ownDataTypeParameters>
</Attribute>
</attributes>
<identifiers itemClass="oracle.dbtools.crest.model.design.logical.CandidateKey">
<identifier id="68F17B8E-EDF5-86C4-C13D-DAFBFDA08B1D" name="HABITAT PK">
<createdBy>Cetecom</createdBy>
<createdTime>2022-04-13 20:52:47 UTC</createdTime>
<ownerDesignName>MER_Zoo_010D</ownerDesignName>
<engineerTo>
<item key="646F607B-A239-728E-92D5-14B7A4B16052" value="true"/>
</engineerTo>
<pk>true</pk>
<usedAttributes>
<attributeRef>652856C0-190B-7011-1FE0-09D7F95429FF</attributeRef>
</usedAttributes>
</identifier>
</identifiers>
</Entity>