<?xml version = '1.0' encoding = 'UTF-8'?>
<Entity class="oracle.dbtools.crest.model.design.logical.Entity" directorySegmentName="seg_0" id="89F6A72A-1184-67DA-B100-81C7D2D81285" name="VISITA">
<createdBy>Cetecom</createdBy>
<createdTime>2022-04-06 21:17:03 UTC</createdTime>
<ownerDesignName>MER_Zoo_010D</ownerDesignName>
<engineerTo>
<item key="646F607B-A239-728E-92D5-14B7A4B16052" value="true"/>
</engineerTo>
<adequatelyNormalized>NO</adequatelyNormalized>
<expectedVolumes>0</expectedVolumes>
<fwdEngineeringStrategyName>Single Table</fwdEngineeringStrategyName>
<growthPercent>0</growthPercent>
<growthType>Year</growthType>
<maxVolumes>9999999</maxVolumes>
<minVolumes>0</minVolumes>
<normalForm>Third</normalForm>
<attributes itemClass="oracle.dbtools.crest.model.design.logical.Attribute">
<Attribute name="id_visita" id="7672979F-9317-88D1-5BC0-F335B8D9AC68">
<createdBy>chris</createdBy>
<createdTime>2022-04-20 14:27:37 UTC</createdTime>
<ownerDesignName>MER_Zoo_010D</ownerDesignName>
<engineerTo>
<item key="646F607B-A239-728E-92D5-14B7A4B16052" value="true"/>
</engineerTo>
<useDomainConstraints>false</useDomainConstraints>
<use>1</use>
<logicalDatatype>LOGDT019</logicalDatatype>
<ownDataTypeParameters>,,</ownDataTypeParameters>
</Attribute>
<Attribute name="fecha_visita" id="F222896E-9B1A-2760-9125-4D40E170E37E">
<createdBy>chris</createdBy>
<createdTime>2022-04-20 14:28:28 UTC</createdTime>
<ownerDesignName>MER_Zoo_010D</ownerDesignName>
<engineerTo>
<item key="646F607B-A239-728E-92D5-14B7A4B16052" value="true"/>
</engineerTo>
<useDomainConstraints>false</useDomainConstraints>
<use>1</use>
<logicalDatatype>LOGDT007</logicalDatatype>
<ownDataTypeParameters>,,</ownDataTypeParameters>
</Attribute>
<Attribute name="razon_interes" id="AC5920C8-DEEB-27FC-2181-3100637E9AB1">
<createdBy>chris</createdBy>
<createdTime>2022-04-20 14:28:55 UTC</createdTime>
<ownerDesignName>MER_Zoo_010D</ownerDesignName>
<engineerTo>
<item key="646F607B-A239-728E-92D5-14B7A4B16052" value="true"/>
</engineerTo>
<useDomainConstraints>false</useDomainConstraints>
<use>1</use>
<logicalDatatype>LOGDT024</logicalDatatype>
<ownDataTypeParameters>,,</ownDataTypeParameters>
</Attribute>
<Attribute name="rut_visitante" id="3BC16193-139D-457A-0764-443541B34254">
<createdBy>chris</createdBy>
<createdTime>2022-04-20 14:30:25 UTC</createdTime>
<generatorID>3FA9A3A3-6F79-4587-3ECF-31095467E13F</generatorID>
<ownerDesignName>MER_Zoo_010D</ownerDesignName>
<engineerTo>
<item key="646F607B-A239-728E-92D5-14B7A4B16052" value="true"/>
</engineerTo>
<referedAttribute>BE8B81D9-406F-DC25-2AFB-9E8F9209B9CA</referedAttribute>
<useDomainConstraints>false</useDomainConstraints>
<use>1</use>
<logicalDatatype>LOGDT024</logicalDatatype>
<ownDataTypeParameters>,,</ownDataTypeParameters>
</Attribute>
<Attribute name="id_tour" id="2C09BE22-6A06-3D38-3F3D-B41AB784F793">
<createdBy>chris</createdBy>
<createdTime>2022-04-20 14:31:30 UTC</createdTime>
<generatorID>C022A96C-B5B1-F07D-8082-394FFBC2E0C2</generatorID>
<ownerDesignName>MER_Zoo_010D</ownerDesignName>
<engineerTo>
<item key="646F607B-A239-728E-92D5-14B7A4B16052" value="true"/>
</engineerTo>
<referedAttribute>5CD20BE9-3CA2-DA07-D67A-2EB6EF3168EC</referedAttribute>
<useDomainConstraints>false</useDomainConstraints>
<use>1</use>
<logicalDatatype>LOGDT024</logicalDatatype>
<ownDataTypeParameters>,,</ownDataTypeParameters>
</Attribute>
</attributes>
<identifiers itemClass="oracle.dbtools.crest.model.design.logical.CandidateKey">
<identifier id="EBA0D832-641B-79E7-9027-64FFC9B4623F" name="VISITA PK">
<createdBy>chris</createdBy>
<createdTime>2022-04-20 14:27:47 UTC</createdTime>
<ownerDesignName>MER_Zoo_010D</ownerDesignName>
<engineerTo>
<item key="646F607B-A239-728E-92D5-14B7A4B16052" value="true"/>
</engineerTo>
<pk>true</pk>
<usedAttributes>
<attributeRef>7672979F-9317-88D1-5BC0-F335B8D9AC68</attributeRef>
</usedAttributes>
</identifier>
</identifiers>
</Entity>