<?xml version = '1.0' encoding = 'UTF-8'?>
<Entity class="oracle.dbtools.crest.model.design.logical.Entity" directorySegmentName="seg_0" id="8F019C8C-CEFD-3CA0-D980-BD7511105428" name="TOUR_GUIA">
<createdBy>Cetecom</createdBy>
<createdTime>2022-04-19 19:38:15 UTC</createdTime>
<ownerDesignName>MER_Zoo_010D</ownerDesignName>
<engineerTo>
<item key="646F607B-A239-728E-92D5-14B7A4B16052" value="true"/>
</engineerTo>
<adequatelyNormalized>NO</adequatelyNormalized>
<expectedVolumes>0</expectedVolumes>
<fwdEngineeringStrategyName>Single Table</fwdEngineeringStrategyName>
<growthPercent>0</growthPercent>
<growthType>Year</growthType>
<maxVolumes>9999999</maxVolumes>
<minVolumes>0</minVolumes>
<normalForm>Third</normalForm>
<attributes itemClass="oracle.dbtools.crest.model.design.logical.Attribute">
<Attribute name="id_tour_guia" id="D897F445-9368-DE15-6DE6-D58CC385F1F9">
<createdBy>Cetecom</createdBy>
<createdTime>2022-04-19 19:38:22 UTC</createdTime>
<ownerDesignName>MER_Zoo_010D</ownerDesignName>
<engineerTo>
<item key="646F607B-A239-728E-92D5-14B7A4B16052" value="true"/>
</engineerTo>
<useDomainConstraints>false</useDomainConstraints>
<use>1</use>
<logicalDatatype>LOGDT019</logicalDatatype>
<ownDataTypeParameters>,,</ownDataTypeParameters>
</Attribute>
<Attribute name="id_tour" id="0CD7E789-75EF-0280-6610-21DCBC9BC8FF">
<createdBy>Cetecom</createdBy>
<createdTime>2022-04-19 19:39:41 UTC</createdTime>
<generatorID>CB6D28B9-ED60-6B9C-4DF3-0F894B49EBBE</generatorID>
<ownerDesignName>MER_Zoo_010D</ownerDesignName>
<engineerTo>
<item key="646F607B-A239-728E-92D5-14B7A4B16052" value="true"/>
</engineerTo>
<referedAttribute>5CD20BE9-3CA2-DA07-D67A-2EB6EF3168EC</referedAttribute>
<useDomainConstraints>false</useDomainConstraints>
<use>1</use>
<logicalDatatype>LOGDT024</logicalDatatype>
<ownDataTypeParameters>,,</ownDataTypeParameters>
</Attribute>
<Attribute name="rut_guia" id="1B23F027-BF3A-5390-B3CF-C061A5EC5C8A">
<createdBy>Cetecom</createdBy>
<createdTime>2022-04-19 19:39:55 UTC</createdTime>
<generatorID>9470C878-3F31-094B-7362-C3889B6DDFDC</generatorID>
<ownerDesignName>MER_Zoo_010D</ownerDesignName>
<engineerTo>
<item key="646F607B-A239-728E-92D5-14B7A4B16052" value="true"/>
</engineerTo>
<referedAttribute>46398126-4A00-D6F0-8CD7-A00519EE0EE8</referedAttribute>
<useDomainConstraints>false</useDomainConstraints>
<use>1</use>
<logicalDatatype>LOGDT024</logicalDatatype>
<ownDataTypeParameters>,,</ownDataTypeParameters>
</Attribute>
</attributes>
<identifiers itemClass="oracle.dbtools.crest.model.design.logical.CandidateKey">
<identifier id="A9B22ED7-3480-35CD-FD9E-BA5BDC9DF156" name="TOUR_GUIA PK">
<createdBy>Cetecom</createdBy>
<createdTime>2022-04-19 19:38:35 UTC</createdTime>
<ownerDesignName>MER_Zoo_010D</ownerDesignName>
<engineerTo>
<item key="646F607B-A239-728E-92D5-14B7A4B16052" value="true"/>
</engineerTo>
<pk>true</pk>
<usedAttributes>
<attributeRef>D897F445-9368-DE15-6DE6-D58CC385F1F9</attributeRef>
</usedAttributes>
</identifier>
</identifiers>
</Entity>