<?xml version = '1.0' encoding = 'UTF-8'?>
<Entity class="oracle.dbtools.crest.model.design.logical.Entity" directorySegmentName="seg_0" id="AC415050-F6A6-E276-B0F7-3106D02C0ED4" name="CUIDADOR">
<createdBy>Cetecom</createdBy>
<createdTime>2022-04-06 21:16:46 UTC</createdTime>
<ownerDesignName>MER_Zoo_010D</ownerDesignName>
<engineerTo>
<item key="646F607B-A239-728E-92D5-14B7A4B16052" value="true"/>
</engineerTo>
<adequatelyNormalized>NO</adequatelyNormalized>
<expectedVolumes>0</expectedVolumes>
<fwdEngineeringStrategyName>Single Table</fwdEngineeringStrategyName>
<growthPercent>0</growthPercent>
<growthType>Year</growthType>
<maxVolumes>9999999</maxVolumes>
<minVolumes>0</minVolumes>
<normalForm>Third</normalForm>
<attributes itemClass="oracle.dbtools.crest.model.design.logical.Attribute">
<Attribute name="rut_cuidador" id="FC1D40DB-D8FA-1DB7-43AB-8314D7662BF3">
<createdBy>Cetecom</createdBy>
<createdTime>2022-04-19 18:54:34 UTC</createdTime>
<ownerDesignName>MER_Zoo_010D</ownerDesignName>
<engineerTo>
<item key="646F607B-A239-728E-92D5-14B7A4B16052" value="true"/>
</engineerTo>
<useDomainConstraints>false</useDomainConstraints>
<use>1</use>
<logicalDatatype>LOGDT024</logicalDatatype>
<ownDataTypeParameters>,,</ownDataTypeParameters>
</Attribute>
<Attribute name="nombres" id="7D596434-16ED-658B-998A-9686F68EF275">
<createdBy>Cetecom</createdBy>
<createdTime>2022-04-19 19:14:09 UTC</createdTime>
<ownerDesignName>MER_Zoo_010D</ownerDesignName>
<engineerTo>
<item key="646F607B-A239-728E-92D5-14B7A4B16052" value="true"/>
</engineerTo>
<useDomainConstraints>false</useDomainConstraints>
<use>1</use>
<logicalDatatype>LOGDT024</logicalDatatype>
<ownDataTypeParameters>,,</ownDataTypeParameters>
</Attribute>
<Attribute name="primer_apellido" id="70FD1378-273C-A797-6FAA-DA22C3B26BB3">
<createdBy>Cetecom</createdBy>
<createdTime>2022-04-19 19:14:23 UTC</createdTime>
<ownerDesignName>MER_Zoo_010D</ownerDesignName>
<engineerTo>
<item key="646F607B-A239-728E-92D5-14B7A4B16052" value="true"/>
</engineerTo>
<useDomainConstraints>false</useDomainConstraints>
<use>1</use>
<logicalDatatype>LOGDT024</logicalDatatype>
<ownDataTypeParameters>,,</ownDataTypeParameters>
</Attribute>
<Attribute name="segundo_apellido" id="B5F7602F-EB86-5B9E-D5AB-0E99533A4A11">
<createdBy>Cetecom</createdBy>
<createdTime>2022-04-19 19:14:32 UTC</createdTime>
<ownerDesignName>MER_Zoo_010D</ownerDesignName>
<engineerTo>
<item key="646F607B-A239-728E-92D5-14B7A4B16052" value="true"/>
</engineerTo>
<nullsAllowed>true</nullsAllowed>
<useDomainConstraints>false</useDomainConstraints>
<use>1</use>
<logicalDatatype>LOGDT024</logicalDatatype>
<ownDataTypeParameters>,,</ownDataTypeParameters>
</Attribute>
<Attribute name="direccion" id="BCA46C5E-18D4-517B-7030-39614A1EE03B">
<createdBy>Cetecom</createdBy>
<createdTime>2022-04-19 19:14:39 UTC</createdTime>
<ownerDesignName>MER_Zoo_010D</ownerDesignName>
<engineerTo>
<item key="646F607B-A239-728E-92D5-14B7A4B16052" value="true"/>
</engineerTo>
<useDomainConstraints>false</useDomainConstraints>
<use>1</use>
<logicalDatatype>LOGDT024</logicalDatatype>
<ownDataTypeParameters>,,</ownDataTypeParameters>
</Attribute>
<Attribute name="comuna" id="DA4479D3-B6AA-C5DB-50A6-CCAA9FEA3DE1">
<createdBy>Cetecom</createdBy>
<createdTime>2022-04-19 19:14:51 UTC</createdTime>
<ownerDesignName>MER_Zoo_010D</ownerDesignName>
<engineerTo>
<item key="646F607B-A239-728E-92D5-14B7A4B16052" value="true"/>
</engineerTo>
<useDomainConstraints>false</useDomainConstraints>
<use>1</use>
<logicalDatatype>LOGDT024</logicalDatatype>
<ownDataTypeParameters>,,</ownDataTypeParameters>
</Attribute>
<Attribute name="provincia" id="2940DBA1-ADD7-3E0F-8499-A1440F41FCBD">
<createdBy>Cetecom</createdBy>
<createdTime>2022-04-19 19:15:04 UTC</createdTime>
<ownerDesignName>MER_Zoo_010D</ownerDesignName>
<engineerTo>
<item key="646F607B-A239-728E-92D5-14B7A4B16052" value="true"/>
</engineerTo>
<useDomainConstraints>false</useDomainConstraints>
<use>1</use>
<logicalDatatype>LOGDT024</logicalDatatype>
<ownDataTypeParameters>,,</ownDataTypeParameters>
</Attribute>
<Attribute name="region" id="B1FA365F-9456-1613-4C2E-0CC24C8FC386">
<createdBy>Cetecom</createdBy>
<createdTime>2022-04-19 19:14:20 UTC</createdTime>
<ownerDesignName>MER_Zoo_010D</ownerDesignName>
<engineerTo>
<item key="646F607B-A239-728E-92D5-14B7A4B16052" value="true"/>
</engineerTo>
<useDomainConstraints>false</useDomainConstraints>
<use>1</use>
<logicalDatatype>LOGDT024</logicalDatatype>
<ownDataTypeParameters>,,</ownDataTypeParameters>
</Attribute>
<Attribute name="fono" id="CCFCAE3C-9168-5CFC-B9A1-A70AA4E1F992">
<createdBy>Cetecom</createdBy>
<createdTime>2022-04-19 19:16:18 UTC</createdTime>
<ownerDesignName>MER_Zoo_010D</ownerDesignName>
<engineerTo>
<item key="646F607B-A239-728E-92D5-14B7A4B16052" value="true"/>
</engineerTo>
<useDomainConstraints>false</useDomainConstraints>
<use>1</use>
<logicalDatatype>LOGDT024</logicalDatatype>
<ownDataTypeParameters>,,</ownDataTypeParameters>
</Attribute>
<Attribute name="fecha_contrato" id="5B14B056-6B3C-BEB5-986B-364C94D9F0CA">
<createdBy>Cetecom</createdBy>
<createdTime>2022-04-19 19:16:42 UTC</createdTime>
<ownerDesignName>MER_Zoo_010D</ownerDesignName>
<engineerTo>
<item key="646F607B-A239-728E-92D5-14B7A4B16052" value="true"/>
</engineerTo>
<useDomainConstraints>false</useDomainConstraints>
<use>1</use>
<logicalDatatype>LOGDT007</logicalDatatype>
<ownDataTypeParameters>,,</ownDataTypeParameters>
</Attribute>
</attributes>
<identifiers itemClass="oracle.dbtools.crest.model.design.logical.CandidateKey">
<identifier id="F164413A-D93E-147B-BB74-79533E773850" name="CUIDADOR PK">
<createdBy>Cetecom</createdBy>
<createdTime>2022-04-19 19:01:23 UTC</createdTime>
<ownerDesignName>MER_Zoo_010D</ownerDesignName>
<engineerTo>
<item key="646F607B-A239-728E-92D5-14B7A4B16052" value="true"/>
</engineerTo>
<pk>true</pk>
<usedAttributes>
<attributeRef>FC1D40DB-D8FA-1DB7-43AB-8314D7662BF3</attributeRef>
</usedAttributes>
</identifier>
</identifiers>
</Entity>