<?xml version = '1.0' encoding = 'UTF-8'?>
<Entity class="oracle.dbtools.crest.model.design.logical.Entity" directorySegmentName="seg_0" id="C9D698C1-C297-170D-52F3-77D9B38B5959" name="ESPECIE_HABITAT">
<createdBy>Cetecom</createdBy>
<createdTime>2022-04-13 21:09:31 UTC</createdTime>
<ownerDesignName>MER_Zoo_010D</ownerDesignName>
<engineerTo>
<item key="646F607B-A239-728E-92D5-14B7A4B16052" value="true"/>
</engineerTo>
<adequatelyNormalized>NO</adequatelyNormalized>
<expectedVolumes>0</expectedVolumes>
<fwdEngineeringStrategyName>Single Table</fwdEngineeringStrategyName>
<growthPercent>0</growthPercent>
<growthType>Year</growthType>
<maxVolumes>9999999</maxVolumes>
<minVolumes>0</minVolumes>
<normalForm>Third</normalForm>
<attributes itemClass="oracle.dbtools.crest.model.design.logical.Attribute">
<Attribute name="id_especie_habitat" id="349FE07C-7B20-CEDA-3064-3CD5B0F25C65">
<createdBy>Cetecom</createdBy>
<createdTime>2022-04-13 21:10:30 UTC</createdTime>
<ownerDesignName>MER_Zoo_010D</ownerDesignName>
<engineerTo>
<item key="646F607B-A239-728E-92D5-14B7A4B16052" value="true"/>
</engineerTo>
<useDomainConstraints>false</useDomainConstraints>
<use>1</use>
<logicalDatatype>LOGDT019</logicalDatatype>
<ownDataTypeParameters>,,</ownDataTypeParameters>
</Attribute>
<Attribute name="id_habitat" id="89DCB987-0CA9-6229-BFA6-BE8895E71BEC">
<createdBy>Cetecom</createdBy>
<createdTime>2022-04-13 21:13:25 UTC</createdTime>
<generatorID>B10131AD-D0AE-D251-1CED-06C7AF45966A</generatorID>
<ownerDesignName>MER_Zoo_010D</ownerDesignName>
<engineerTo>
<item key="646F607B-A239-728E-92D5-14B7A4B16052" value="true"/>
</engineerTo>
<referedAttribute>652856C0-190B-7011-1FE0-09D7F95429FF</referedAttribute>
<useDomainConstraints>false</useDomainConstraints>
<use>1</use>
<logicalDatatype>LOGDT019</logicalDatatype>
<ownDataTypeParameters>,,</ownDataTypeParameters>
</Attribute>
<Attribute name="id_especie" id="E7A991B5-138D-0B7E-E14C-C6F2A222CDA8">
<createdBy>Cetecom</createdBy>
<createdTime>2022-04-13 21:13:38 UTC</createdTime>
<generatorID>E7E393A4-6B32-50E8-B34A-892D12F55512</generatorID>
<ownerDesignName>MER_Zoo_010D</ownerDesignName>
<engineerTo>
<item key="646F607B-A239-728E-92D5-14B7A4B16052" value="true"/>
</engineerTo>
<referedAttribute>6C529DF1-31C2-4459-B5A1-EB0B4CED550C</referedAttribute>
<useDomainConstraints>false</useDomainConstraints>
<use>1</use>
<logicalDatatype>LOGDT019</logicalDatatype>
<ownDataTypeParameters>,,</ownDataTypeParameters>
</Attribute>
</attributes>
<identifiers itemClass="oracle.dbtools.crest.model.design.logical.CandidateKey">
<identifier id="2C8D350E-609D-AB0A-E0CD-5939D4FB6990" name="ESPECIE_HABITAT PK">
<createdBy>Cetecom</createdBy>
<createdTime>2022-04-13 21:10:41 UTC</createdTime>
<ownerDesignName>MER_Zoo_010D</ownerDesignName>
<engineerTo>
<item key="646F607B-A239-728E-92D5-14B7A4B16052" value="true"/>
</engineerTo>
<pk>true</pk>
<usedAttributes>
<attributeRef>349FE07C-7B20-CEDA-3064-3CD5B0F25C65</attributeRef>
</usedAttributes>
</identifier>
</identifiers>
</Entity>