<?xml version = '1.0' encoding = 'UTF-8'?>
<relationalModel class="oracle.dbtools.crest.model.design.relational.RelationalDesign" name="Relational_1" id="4BB900EA-AB15-2805-8A25-34E68930919D" mainViewID="AE824908-024F-64D4-A818-064506D80329">
<createdBy>chris</createdBy>
<createdTime>2022-04-20 15:26:32 UTC</createdTime>
<ownerDesignName>MER_Farmacia_010D</ownerDesignName>
<shouldBeOpen>true</shouldBeOpen>
<selectedRDBMSSite>32076570-2523-435C-2E92-BF29817DFF70</selectedRDBMSSite>
</relationalModel>