<?xml version = '1.0' encoding = 'UTF-8'?>
<Entity class="oracle.dbtools.crest.model.design.logical.Entity" directorySegmentName="seg_0" id="0D503735-D7CB-086E-C239-B46644376441" name="REGION">
<createdBy>chris</createdBy>
<createdTime>2020-04-14 01:18:34 UTC</createdTime>
<ownerDesignName>MER_TransportePublico</ownerDesignName>
<adequatelyNormalized>NO</adequatelyNormalized>
<expectedVolumes>0</expectedVolumes>
<fwdEngineeringStrategyName>Single Table</fwdEngineeringStrategyName>
<growthPercent>0</growthPercent>
<growthType>Year</growthType>
<maxVolumes>9999999</maxVolumes>
<minVolumes>0</minVolumes>
<normalForm>Third</normalForm>
<shortName>REG</shortName>
<attributes itemClass="oracle.dbtools.crest.model.design.logical.Attribute">
<Attribute name="idRegion" id="15CBF2CE-2A08-A4C8-9F27-DF598F54CB6B">
<createdBy>chris</createdBy>
<createdTime>2020-04-16 23:33:28 UTC</createdTime>
<ownerDesignName>MER_TransportePublico</ownerDesignName>
<useDomainConstraints>false</useDomainConstraints>
<use>1</use>
<logicalDatatype>LOGDT019</logicalDatatype>
<dataTypePrecision>2</dataTypePrecision>
<ownDataTypeParameters>,2,</ownDataTypeParameters>
</Attribute>
<Attribute name="nombre" id="50CE6B36-CD91-F5F4-696B-22EB5286226E">
<createdBy>chris</createdBy>
<createdTime>2020-04-16 23:33:53 UTC</createdTime>
<ownerDesignName>MER_TransportePublico</ownerDesignName>
<useDomainConstraints>false</useDomainConstraints>
<use>1</use>
<logicalDatatype>LOGDT024</logicalDatatype>
<dataTypeSize>30</dataTypeSize>
<ownDataTypeParameters>30,,</ownDataTypeParameters>
</Attribute>
</attributes>
<identifiers itemClass="oracle.dbtools.crest.model.design.logical.CandidateKey">
<identifier id="9D6FA2C6-E7F3-A8B0-F44A-AE4912FE7C6C" name="REGION PK">
<createdBy>chris</createdBy>
<createdTime>2020-04-16 23:33:38 UTC</createdTime>
<ownerDesignName>MER_TransportePublico</ownerDesignName>
<pk>true</pk>
<usedAttributes>
<attributeRef>15CBF2CE-2A08-A4C8-9F27-DF598F54CB6B</attributeRef>
</usedAttributes>
</identifier>
</identifiers>
</Entity>