<?xml version = '1.0' encoding = 'UTF-8'?>
<Entity class="oracle.dbtools.crest.model.design.logical.Entity" directorySegmentName="seg_0" id="1B215866-C77E-8AA5-B766-6E6262F7E7E1" name="VEHICULO">
<createdBy>chris</createdBy>
<createdTime>2020-04-14 01:13:02 UTC</createdTime>
<ownerDesignName>MER_TransportePublico</ownerDesignName>
<engineerTo>
<item key="5F9F0AF7-8B58-27C0-EC29-E9D4FF62216B" value="true"/>
</engineerTo>
<adequatelyNormalized>NO</adequatelyNormalized>
<expectedVolumes>0</expectedVolumes>
<fwdEngineeringStrategyName>Single Table</fwdEngineeringStrategyName>
<growthPercent>0</growthPercent>
<growthType>Year</growthType>
<maxVolumes>9999999</maxVolumes>
<minVolumes>0</minVolumes>
<normalForm>Third</normalForm>
<shortName>VEH</shortName>
<attributes itemClass="oracle.dbtools.crest.model.design.logical.Attribute">
<Attribute name="patente" id="8D2B4F63-E097-D9C0-AAA2-4B93936D6B61">
<createdBy>chris</createdBy>
<createdTime>2020-04-14 01:27:51 UTC</createdTime>
<ownerDesignName>MER_TransportePublico</ownerDesignName>
<engineerTo>
<item key="5F9F0AF7-8B58-27C0-EC29-E9D4FF62216B" value="true"/>
</engineerTo>
<useDomainConstraints>false</useDomainConstraints>
<use>1</use>
<logicalDatatype>LOGDT024</logicalDatatype>
<dataTypeSize>6</dataTypeSize>
<ownDataTypeParameters>6,,</ownDataTypeParameters>
</Attribute>
<Attribute name="nro_chasis" id="82C0700B-0EEC-E5AE-EEF0-06D82BB0B580">
<createdBy>chris</createdBy>
<createdTime>2020-04-14 01:29:59 UTC</createdTime>
<ownerDesignName>MER_TransportePublico</ownerDesignName>
<engineerTo>
<item key="5F9F0AF7-8B58-27C0-EC29-E9D4FF62216B" value="true"/>
</engineerTo>
<useDomainConstraints>false</useDomainConstraints>
<use>1</use>
<logicalDatatype>LOGDT024</logicalDatatype>
<dataTypeSize>20</dataTypeSize>
<ownDataTypeParameters>20,,</ownDataTypeParameters>
</Attribute>
<Attribute name="nro_motor" id="EDE6506B-C51F-60DA-47B8-68D3F779E3B0">
<createdBy>chris</createdBy>
<createdTime>2020-04-14 01:35:52 UTC</createdTime>
<ownerDesignName>MER_TransportePublico</ownerDesignName>
<engineerTo>
<item key="5F9F0AF7-8B58-27C0-EC29-E9D4FF62216B" value="true"/>
</engineerTo>
<useDomainConstraints>false</useDomainConstraints>
<use>1</use>
<logicalDatatype>LOGDT024</logicalDatatype>
<dataTypeSize>20</dataTypeSize>
<ownDataTypeParameters>20,,</ownDataTypeParameters>
</Attribute>
<Attribute name="marca" id="9FDFAF25-3A32-9EF7-B224-0CF14CC2CDC5">
<createdBy>chris</createdBy>
<createdTime>2022-04-22 17:16:30 UTC</createdTime>
<ownerDesignName>MER_TransportePublico</ownerDesignName>
<engineerTo>
<item key="5F9F0AF7-8B58-27C0-EC29-E9D4FF62216B" value="true"/>
</engineerTo>
<useDomainConstraints>false</useDomainConstraints>
<use>1</use>
<logicalDatatype>LOGDT024</logicalDatatype>
<ownDataTypeParameters>,,</ownDataTypeParameters>
</Attribute>
<Attribute name="modelo" id="87E940EF-9161-9C43-3FB0-479F4A2D50EC">
<createdBy>chris</createdBy>
<createdTime>2022-04-22 17:16:41 UTC</createdTime>
<ownerDesignName>MER_TransportePublico</ownerDesignName>
<engineerTo>
<item key="5F9F0AF7-8B58-27C0-EC29-E9D4FF62216B" value="true"/>
</engineerTo>
<useDomainConstraints>false</useDomainConstraints>
<use>1</use>
<logicalDatatype>LOGDT024</logicalDatatype>
<ownDataTypeParameters>,,</ownDataTypeParameters>
</Attribute>
<Attribute name="año" id="87545DBC-8671-0794-CBD7-6361365B3CC3">
<createdBy>chris</createdBy>
<createdTime>2020-04-14 01:38:52 UTC</createdTime>
<ownerDesignName>MER_TransportePublico</ownerDesignName>
<engineerTo>
<item key="5F9F0AF7-8B58-27C0-EC29-E9D4FF62216B" value="true"/>
</engineerTo>
<useDomainConstraints>false</useDomainConstraints>
<use>1</use>
<logicalDatatype>LOGDT019</logicalDatatype>
<dataTypePrecision>4</dataTypePrecision>
<ownDataTypeParameters>,4,</ownDataTypeParameters>
</Attribute>
<Attribute name="rutEmpresa" id="29D390EC-FD91-4742-3E64-1CFECA8AAF5D">
<createdBy>chris</createdBy>
<createdTime>2020-04-16 23:29:47 UTC</createdTime>
<generatorID>5B9F8C94-1F4D-AEA8-9C5A-D822EEF3986A</generatorID>
<ownerDesignName>MER_TransportePublico</ownerDesignName>
<engineerTo>
<item key="5F9F0AF7-8B58-27C0-EC29-E9D4FF62216B" value="true"/>
</engineerTo>
<referedAttribute>426C8DFA-3CA8-E923-13B2-CDFF3C9DCB89</referedAttribute>
<useDomainConstraints>false</useDomainConstraints>
<use>1</use>
<logicalDatatype>LOGDT024</logicalDatatype>
<dataTypeSize>10</dataTypeSize>
<ownDataTypeParameters>10,,</ownDataTypeParameters>
</Attribute>
</attributes>
<identifiers itemClass="oracle.dbtools.crest.model.design.logical.CandidateKey">
<identifier id="B55A636B-C67E-C025-756E-52FDA2C3CE41" name="VEHICULO PK">
<createdBy>chris</createdBy>
<createdTime>2020-04-14 01:29:53 UTC</createdTime>
<ownerDesignName>MER_TransportePublico</ownerDesignName>
<engineerTo>
<item key="5F9F0AF7-8B58-27C0-EC29-E9D4FF62216B" value="true"/>
</engineerTo>
<pk>true</pk>
<usedAttributes>
<attributeRef>8D2B4F63-E097-D9C0-AAA2-4B93936D6B61</attributeRef>
</usedAttributes>
</identifier>
<identifier id="BDE3F027-F130-220B-F5AF-A0A424FC20F9" name="Key_2">
<createdBy>chris</createdBy>
<createdTime>2020-04-14 01:33:00 UTC</createdTime>
<ownerDesignName>MER_TransportePublico</ownerDesignName>
<engineerTo>
<item key="5F9F0AF7-8B58-27C0-EC29-E9D4FF62216B" value="true"/>
</engineerTo>
<newElementsIDs>82C0700B-0EEC-E5AE-EEF0-06D82BB0B580</newElementsIDs>
<usedAttributes>
<attributeRef>82C0700B-0EEC-E5AE-EEF0-06D82BB0B580</attributeRef>
</usedAttributes>
</identifier>
<identifier id="6BB3176C-072E-1382-7029-A2B8992F3CCA" name="Key_3">
<createdBy>chris</createdBy>
<createdTime>2020-04-14 01:37:51 UTC</createdTime>
<ownerDesignName>MER_TransportePublico</ownerDesignName>
<engineerTo>
<item key="5F9F0AF7-8B58-27C0-EC29-E9D4FF62216B" value="true"/>
</engineerTo>
<newElementsIDs>EDE6506B-C51F-60DA-47B8-68D3F779E3B0</newElementsIDs>
<usedAttributes>
<attributeRef>EDE6506B-C51F-60DA-47B8-68D3F779E3B0</attributeRef>
</usedAttributes>
</identifier>
</identifiers>
</Entity>