<?xml version = '1.0' encoding = 'UTF-8'?>
<Entity class="oracle.dbtools.crest.model.design.logical.Entity" directorySegmentName="seg_0" id="24724803-9F07-9849-18B1-D7478AB7558B" name="EMP_REC">
<createdBy>chris</createdBy>
<createdTime>2020-04-21 01:28:00 UTC</createdTime>
<ownerDesignName>MER_TransportePublico</ownerDesignName>
<engineerTo>
<item key="A0438562-77C3-4605-2866-ED91A3052470" value="true"/>
<item key="28C672C8-EBF0-CF0F-71C9-72F97CF1C9A1" value="true"/>
</engineerTo>
<adequatelyNormalized>NO</adequatelyNormalized>
<expectedVolumes>0</expectedVolumes>
<fwdEngineeringStrategyName>Single Table</fwdEngineeringStrategyName>
<growthPercent>0</growthPercent>
<growthType>Year</growthType>
<maxVolumes>9999999</maxVolumes>
<minVolumes>0</minVolumes>
<normalForm>Third</normalForm>
<attributes itemClass="oracle.dbtools.crest.model.design.logical.Attribute">
<Attribute name="idRecEmp" id="7633E963-0568-5207-0814-07912B7FCF0D">
<createdBy>chris</createdBy>
<createdTime>2020-04-21 01:28:09 UTC</createdTime>
<ownerDesignName>MER_TransportePublico</ownerDesignName>
<engineerTo>
<item key="A0438562-77C3-4605-2866-ED91A3052470" value="true"/>
<item key="28C672C8-EBF0-CF0F-71C9-72F97CF1C9A1" value="true"/>
</engineerTo>
<useDomainConstraints>false</useDomainConstraints>
<use>1</use>
<logicalDatatype>LOGDT019</logicalDatatype>
<dataTypePrecision>5</dataTypePrecision>
<ownDataTypeParameters>,5,</ownDataTypeParameters>
</Attribute>
<Attribute name="rutEmpresa" id="C7F8364C-16CA-0130-00F9-DD4DBB238374">
<createdBy>chris</createdBy>
<createdTime>2020-04-21 01:28:49 UTC</createdTime>
<generatorID>CDED433E-07DA-1DC4-09DC-8FD29E218147</generatorID>
<ownerDesignName>MER_TransportePublico</ownerDesignName>
<engineerTo>
<item key="A0438562-77C3-4605-2866-ED91A3052470" value="true"/>
<item key="28C672C8-EBF0-CF0F-71C9-72F97CF1C9A1" value="true"/>
</engineerTo>
<referedAttribute>426C8DFA-3CA8-E923-13B2-CDFF3C9DCB89</referedAttribute>
<useDomainConstraints>false</useDomainConstraints>
<use>1</use>
<logicalDatatype>LOGDT024</logicalDatatype>
<dataTypeSize>10</dataTypeSize>
<ownDataTypeParameters>10,,</ownDataTypeParameters>
</Attribute>
<Attribute name="idRecorrido" id="A81EACF6-1D0A-000E-F8A0-8010165D81FA">
<createdBy>chris</createdBy>
<createdTime>2020-04-21 01:29:11 UTC</createdTime>
<generatorID>A936B051-D88F-D424-D824-86D5B12F8DF9</generatorID>
<ownerDesignName>MER_TransportePublico</ownerDesignName>
<engineerTo>
<item key="A0438562-77C3-4605-2866-ED91A3052470" value="true"/>
<item key="28C672C8-EBF0-CF0F-71C9-72F97CF1C9A1" value="true"/>
</engineerTo>
<referedAttribute>7BC2E03C-62B1-9A16-5508-7E64A1703E26</referedAttribute>
<useDomainConstraints>false</useDomainConstraints>
<use>1</use>
<logicalDatatype>LOGDT019</logicalDatatype>
<dataTypePrecision>10</dataTypePrecision>
<ownDataTypeParameters>,10,</ownDataTypeParameters>
</Attribute>
</attributes>
<identifiers itemClass="oracle.dbtools.crest.model.design.logical.CandidateKey">
<identifier id="4AB03BD7-0C73-7BED-3D97-DAB5883AA9D0" name="EMP_REC PK">
<createdBy>chris</createdBy>
<createdTime>2020-04-21 01:28:27 UTC</createdTime>
<ownerDesignName>MER_TransportePublico</ownerDesignName>
<engineerTo>
<item key="A0438562-77C3-4605-2866-ED91A3052470" value="true"/>
<item key="28C672C8-EBF0-CF0F-71C9-72F97CF1C9A1" value="true"/>
</engineerTo>
<pk>true</pk>
<usedAttributes>
<attributeRef>7633E963-0568-5207-0814-07912B7FCF0D</attributeRef>
</usedAttributes>
</identifier>
</identifiers>
</Entity>