<?xml version = '1.0' encoding = 'UTF-8'?>
<Entity class="oracle.dbtools.crest.model.design.logical.Entity" directorySegmentName="seg_0" id="28570A6B-7B1B-3972-8B7B-C4935D5B6EEB" name="CONTRATO">
<createdBy>chris</createdBy>
<createdTime>2020-04-14 01:21:05 UTC</createdTime>
<ownerDesignName>MER_TransportePublico</ownerDesignName>
<adequatelyNormalized>NO</adequatelyNormalized>
<expectedVolumes>0</expectedVolumes>
<fwdEngineeringStrategyName>Single Table</fwdEngineeringStrategyName>
<growthPercent>0</growthPercent>
<growthType>Year</growthType>
<maxVolumes>9999999</maxVolumes>
<minVolumes>0</minVolumes>
<normalForm>Third</normalForm>
<shortName>CON</shortName>
<attributes itemClass="oracle.dbtools.crest.model.design.logical.Attribute">
<Attribute name="idContrato" id="18C102EE-9ED9-9294-5573-D1278937DCD1">
<createdBy>chris</createdBy>
<createdTime>2020-04-21 01:41:43 UTC</createdTime>
<ownerDesignName>MER_TransportePublico</ownerDesignName>
<useDomainConstraints>false</useDomainConstraints>
<use>1</use>
<logicalDatatype>LOGDT019</logicalDatatype>
<dataTypePrecision>10</dataTypePrecision>
<ownDataTypeParameters>,10,</ownDataTypeParameters>
</Attribute>
<Attribute name="fechaInicio" id="91705008-3696-34DB-F8E6-79856D077681">
<createdBy>chris</createdBy>
<createdTime>2020-04-21 01:42:01 UTC</createdTime>
<ownerDesignName>MER_TransportePublico</ownerDesignName>
<useDomainConstraints>false</useDomainConstraints>
<use>1</use>
<logicalDatatype>LOGDT007</logicalDatatype>
<ownDataTypeParameters>,,</ownDataTypeParameters>
</Attribute>
<Attribute name="FechaTermino" id="BEADDEF1-3F0A-3900-DFE9-7AE05C221901">
<createdBy>chris</createdBy>
<createdTime>2020-04-21 01:42:11 UTC</createdTime>
<ownerDesignName>MER_TransportePublico</ownerDesignName>
<useDomainConstraints>false</useDomainConstraints>
<use>1</use>
<logicalDatatype>LOGDT007</logicalDatatype>
<ownDataTypeParameters>,,</ownDataTypeParameters>
</Attribute>
<Attribute name="rut_chofer" id="4F8A748B-12BB-9083-0E2B-202B672BF09B">
<createdBy>chris</createdBy>
<createdTime>2022-04-22 18:53:24 UTC</createdTime>
<generatorID>D56F9204-6610-ED58-9A46-F6FBC3316E8F</generatorID>
<ownerDesignName>MER_TransportePublico</ownerDesignName>
<referedAttribute>DC7509D5-B85A-00F1-3F75-F4BB95B1C236</referedAttribute>
<useDomainConstraints>false</useDomainConstraints>
<use>1</use>
<logicalDatatype>LOGDT024</logicalDatatype>
<ownDataTypeParameters>,,</ownDataTypeParameters>
</Attribute>
<Attribute name="tipo_servicio" id="FC73C7C0-B1B0-6910-2F2A-A8782A369462">
<createdBy>chris</createdBy>
<createdTime>2022-04-22 19:00:46 UTC</createdTime>
<ownerDesignName>MER_TransportePublico</ownerDesignName>
<useDomainConstraints>false</useDomainConstraints>
<use>1</use>
<logicalDatatype>LOGDT024</logicalDatatype>
<ownDataTypeParameters>,,</ownDataTypeParameters>
</Attribute>
<Attribute name="rutEmpresa" id="840538E6-19F6-9377-FC5B-7B77A704F3F2">
<createdBy>chris</createdBy>
<createdTime>2022-04-24 06:46:41 UTC</createdTime>
<generatorID>F2AB2CBC-CFEA-0275-908C-658D5EC0FDE7</generatorID>
<ownerDesignName>MER_TransportePublico</ownerDesignName>
<referedAttribute>426C8DFA-3CA8-E923-13B2-CDFF3C9DCB89</referedAttribute>
<useDomainConstraints>false</useDomainConstraints>
<use>1</use>
<logicalDatatype>LOGDT024</logicalDatatype>
<dataTypeSize>10</dataTypeSize>
<ownDataTypeParameters>,,</ownDataTypeParameters>
</Attribute>
</attributes>
<identifiers itemClass="oracle.dbtools.crest.model.design.logical.CandidateKey">
<identifier id="1952FDF4-B23B-7DAD-EDFD-0049947A0233" name="CONTRATO PK">
<createdBy>chris</createdBy>
<createdTime>2020-04-21 01:41:57 UTC</createdTime>
<ownerDesignName>MER_TransportePublico</ownerDesignName>
<pk>true</pk>
<usedAttributes>
<attributeRef>18C102EE-9ED9-9294-5573-D1278937DCD1</attributeRef>
</usedAttributes>
</identifier>
</identifiers>
</Entity>