<?xml version = '1.0' encoding = 'UTF-8'?>
<Entity class="oracle.dbtools.crest.model.design.logical.Entity" directorySegmentName="seg_0" id="4B941B2F-F6FA-0AFC-CE8E-996CE398DEF9" name="CHOFER">
<createdBy>chris</createdBy>
<createdTime>2020-04-17 00:06:24 UTC</createdTime>
<ownerDesignName>MER_TransportePublico</ownerDesignName>
<engineerTo>
<item key="5F9F0AF7-8B58-27C0-EC29-E9D4FF62216B" value="true"/>
</engineerTo>
<adequatelyNormalized>NO</adequatelyNormalized>
<expectedVolumes>0</expectedVolumes>
<fwdEngineeringStrategyName>Single Table</fwdEngineeringStrategyName>
<growthPercent>0</growthPercent>
<growthType>Year</growthType>
<maxVolumes>9999999</maxVolumes>
<minVolumes>0</minVolumes>
<normalForm>Third</normalForm>
<attributes itemClass="oracle.dbtools.crest.model.design.logical.Attribute">
<Attribute name="rut_chofer" id="DC7509D5-B85A-00F1-3F75-F4BB95B1C236">
<createdBy>chris</createdBy>
<createdTime>2020-04-17 00:17:50 UTC</createdTime>
<ownerDesignName>MER_TransportePublico</ownerDesignName>
<engineerTo>
<item key="5F9F0AF7-8B58-27C0-EC29-E9D4FF62216B" value="true"/>
</engineerTo>
<useDomainConstraints>false</useDomainConstraints>
<use>1</use>
<logicalDatatype>LOGDT024</logicalDatatype>
<ownDataTypeParameters>,,</ownDataTypeParameters>
</Attribute>
<Attribute name="numero_documento" id="46BC8C3C-4A50-6D03-6C7A-7D63962F2D7F">
<createdBy>chris</createdBy>
<createdTime>2022-04-22 19:14:43 UTC</createdTime>
<ownerDesignName>MER_TransportePublico</ownerDesignName>
<engineerTo>
<item key="5F9F0AF7-8B58-27C0-EC29-E9D4FF62216B" value="true"/>
</engineerTo>
<useDomainConstraints>false</useDomainConstraints>
<use>1</use>
<logicalDatatype>LOGDT024</logicalDatatype>
<dataTypeSize>15</dataTypeSize>
<ownDataTypeParameters>15,,</ownDataTypeParameters>
</Attribute>
<Attribute name="nombres" id="20CB78D0-BC79-7EA3-6A15-E9C7F38F9F2D">
<createdBy>chris</createdBy>
<createdTime>2020-04-17 00:06:24 UTC</createdTime>
<ownerDesignName>MER_TransportePublico</ownerDesignName>
<engineerTo>
<item key="5F9F0AF7-8B58-27C0-EC29-E9D4FF62216B" value="true"/>
</engineerTo>
<useDomainConstraints>false</useDomainConstraints>
<use>1</use>
<logicalDatatype>LOGDT024</logicalDatatype>
<dataTypeSize>40</dataTypeSize>
<ownDataTypeParameters>40,,</ownDataTypeParameters>
</Attribute>
<Attribute name="primer_apellido" id="6828797E-B7B6-FBAD-673D-CF365FF2BAB0">
<createdBy>chris</createdBy>
<createdTime>2020-04-17 00:06:24 UTC</createdTime>
<ownerDesignName>MER_TransportePublico</ownerDesignName>
<engineerTo>
<item key="5F9F0AF7-8B58-27C0-EC29-E9D4FF62216B" value="true"/>
</engineerTo>
<useDomainConstraints>false</useDomainConstraints>
<use>1</use>
<logicalDatatype>LOGDT024</logicalDatatype>
<dataTypeSize>20</dataTypeSize>
<ownDataTypeParameters>20,,</ownDataTypeParameters>
</Attribute>
<Attribute name="segundo_apellido" id="840FF9BA-D371-A5AF-4394-791D4FF213AA">
<createdBy>chris</createdBy>
<createdTime>2020-04-17 00:06:24 UTC</createdTime>
<ownerDesignName>MER_TransportePublico</ownerDesignName>
<engineerTo>
<item key="5F9F0AF7-8B58-27C0-EC29-E9D4FF62216B" value="true"/>
</engineerTo>
<nullsAllowed>true</nullsAllowed>
<useDomainConstraints>false</useDomainConstraints>
<use>1</use>
<logicalDatatype>LOGDT024</logicalDatatype>
<dataTypeSize>20</dataTypeSize>
<ownDataTypeParameters>20,,</ownDataTypeParameters>
</Attribute>
<Attribute name="fecha_nacimiento" id="25EA154D-6C1F-15F4-E4F7-651913E09C4B">
<createdBy>chris</createdBy>
<createdTime>2020-04-17 00:06:24 UTC</createdTime>
<ownerDesignName>MER_TransportePublico</ownerDesignName>
<engineerTo>
<item key="5F9F0AF7-8B58-27C0-EC29-E9D4FF62216B" value="true"/>
</engineerTo>
<useDomainConstraints>false</useDomainConstraints>
<use>1</use>
<logicalDatatype>LOGDT007</logicalDatatype>
<ownDataTypeParameters>,,</ownDataTypeParameters>
</Attribute>
<Attribute name="direccion" id="6384BF34-1019-DB27-EF13-CADC958A899E">
<createdBy>chris</createdBy>
<createdTime>2020-04-21 01:10:26 UTC</createdTime>
<ownerDesignName>MER_TransportePublico</ownerDesignName>
<engineerTo>
<item key="5F9F0AF7-8B58-27C0-EC29-E9D4FF62216B" value="true"/>
</engineerTo>
<useDomainConstraints>false</useDomainConstraints>
<use>1</use>
<logicalDatatype>LOGDT024</logicalDatatype>
<dataTypeSize>100</dataTypeSize>
<ownDataTypeParameters>100,,</ownDataTypeParameters>
</Attribute>
<Attribute name="idComuna" id="5DF19866-FE2F-F605-338E-911E95DA38B5">
<createdBy>chris</createdBy>
<createdTime>2022-04-22 18:51:49 UTC</createdTime>
<generatorID>1AACA1D5-018F-B77A-7FA4-144B75CBA098</generatorID>
<ownerDesignName>MER_TransportePublico</ownerDesignName>
<engineerTo>
<item key="5F9F0AF7-8B58-27C0-EC29-E9D4FF62216B" value="true"/>
</engineerTo>
<referedAttribute>6FDB81F4-95F6-5289-94D6-23C85CEA4BC0</referedAttribute>
<useDomainConstraints>false</useDomainConstraints>
<use>1</use>
<logicalDatatype>LOGDT019</logicalDatatype>
<dataTypePrecision>3</dataTypePrecision>
<ownDataTypeParameters>,,</ownDataTypeParameters>
</Attribute>
<Attribute name="idContrato" id="31C4D39A-EBCC-64B4-86B6-DC9C0A8E0C87">
<createdBy>chris</createdBy>
<createdTime>2022-04-22 18:53:31 UTC</createdTime>
<generatorID>D56F9204-6610-ED58-9A46-F6FBC3316E8F</generatorID>
<ownerDesignName>MER_TransportePublico</ownerDesignName>
<engineerTo>
<item key="5F9F0AF7-8B58-27C0-EC29-E9D4FF62216B" value="true"/>
</engineerTo>
<referedAttribute>18C102EE-9ED9-9294-5573-D1278937DCD1</referedAttribute>
<useDomainConstraints>false</useDomainConstraints>
<use>1</use>
<logicalDatatype>LOGDT019</logicalDatatype>
<dataTypePrecision>10</dataTypePrecision>
<ownDataTypeParameters>,,</ownDataTypeParameters>
</Attribute>
</attributes>
<identifiers itemClass="oracle.dbtools.crest.model.design.logical.CandidateKey">
<identifier id="1D70C877-2A11-06A7-D1B3-1AEDB89ECFFA" name="CHOFER PK">
<createdBy>chris</createdBy>
<createdTime>2022-04-22 17:26:54 UTC</createdTime>
<ownerDesignName>MER_TransportePublico</ownerDesignName>
<engineerTo>
<item key="5F9F0AF7-8B58-27C0-EC29-E9D4FF62216B" value="true"/>
</engineerTo>
<pk>true</pk>
<usedAttributes>
<attributeRef>DC7509D5-B85A-00F1-3F75-F4BB95B1C236</attributeRef>
</usedAttributes>
</identifier>
<identifier id="6B5D2476-6222-21EC-7052-A82A5175BA36" name="UQ_NRO_DOCUMENTO">
<createdBy>chris</createdBy>
<createdTime>2022-04-22 19:16:12 UTC</createdTime>
<ownerDesignName>MER_TransportePublico</ownerDesignName>
<engineerTo>
<item key="5F9F0AF7-8B58-27C0-EC29-E9D4FF62216B" value="true"/>
</engineerTo>
<newElementsIDs>46BC8C3C-4A50-6D03-6C7A-7D63962F2D7F</newElementsIDs>
<usedAttributes>
<attributeRef>46BC8C3C-4A50-6D03-6C7A-7D63962F2D7F</attributeRef>
</usedAttributes>
</identifier>
</identifiers>
</Entity>