<?xml version = '1.0' encoding = 'UTF-8'?>
<Entity class="oracle.dbtools.crest.model.design.logical.Entity" directorySegmentName="seg_0" id="5EBD48D0-C3E2-4EC3-B8B3-3E782A455206" name="EMPRESA">
<createdBy>chris</createdBy>
<createdTime>2020-04-14 01:17:38 UTC</createdTime>
<ownerDesignName>MER_TransportePublico</ownerDesignName>
<adequatelyNormalized>NO</adequatelyNormalized>
<expectedVolumes>0</expectedVolumes>
<fwdEngineeringStrategyName>Single Table</fwdEngineeringStrategyName>
<growthPercent>0</growthPercent>
<growthType>Year</growthType>
<maxVolumes>9999999</maxVolumes>
<minVolumes>0</minVolumes>
<normalForm>Third</normalForm>
<shortName>EMP</shortName>
<attributes itemClass="oracle.dbtools.crest.model.design.logical.Attribute">
<Attribute name="rutEmpresa" id="426C8DFA-3CA8-E923-13B2-CDFF3C9DCB89">
<createdBy>chris</createdBy>
<createdTime>2020-04-16 23:29:35 UTC</createdTime>
<ownerDesignName>MER_TransportePublico</ownerDesignName>
<useDomainConstraints>false</useDomainConstraints>
<use>1</use>
<logicalDatatype>LOGDT024</logicalDatatype>
<dataTypeSize>10</dataTypeSize>
<ownDataTypeParameters>10,,</ownDataTypeParameters>
</Attribute>
<Attribute name="razonSocial" id="F35ECC10-180A-DDDF-FF32-2F37FA76FF3E">
<createdBy>chris</createdBy>
<createdTime>2020-04-16 23:29:59 UTC</createdTime>
<ownerDesignName>MER_TransportePublico</ownerDesignName>
<useDomainConstraints>false</useDomainConstraints>
<use>1</use>
<logicalDatatype>LOGDT024</logicalDatatype>
<dataTypeSize>100</dataTypeSize>
<ownDataTypeParameters>100,,</ownDataTypeParameters>
</Attribute>
<Attribute name="direccion" id="F3D2B9A2-39DF-A560-1FAF-B926477B869C">
<createdBy>chris</createdBy>
<createdTime>2020-04-16 23:30:50 UTC</createdTime>
<ownerDesignName>MER_TransportePublico</ownerDesignName>
<useDomainConstraints>false</useDomainConstraints>
<use>1</use>
<logicalDatatype>LOGDT024</logicalDatatype>
<dataTypeSize>100</dataTypeSize>
<ownDataTypeParameters>100,,</ownDataTypeParameters>
</Attribute>
<Attribute name="fonoContacto" id="99BF3E85-80D5-B105-7003-155A5F55E8D2">
<createdBy>chris</createdBy>
<createdTime>2020-04-16 23:31:00 UTC</createdTime>
<ownerDesignName>MER_TransportePublico</ownerDesignName>
<useDomainConstraints>false</useDomainConstraints>
<use>1</use>
<logicalDatatype>LOGDT024</logicalDatatype>
<dataTypeSize>15</dataTypeSize>
<ownDataTypeParameters>15,,</ownDataTypeParameters>
</Attribute>
<Attribute name="idComuna" id="298078AB-61B9-73B7-8CD0-40E039088902">
<createdBy>chris</createdBy>
<createdTime>2020-04-16 23:51:20 UTC</createdTime>
<generatorID>40E1C41E-FD9B-B427-A7C7-8EFCE905C16B</generatorID>
<ownerDesignName>MER_TransportePublico</ownerDesignName>
<referedAttribute>6FDB81F4-95F6-5289-94D6-23C85CEA4BC0</referedAttribute>
<useDomainConstraints>false</useDomainConstraints>
<use>1</use>
<logicalDatatype>LOGDT019</logicalDatatype>
<dataTypePrecision>3</dataTypePrecision>
<ownDataTypeParameters>,3,</ownDataTypeParameters>
</Attribute>
</attributes>
<identifiers itemClass="oracle.dbtools.crest.model.design.logical.CandidateKey">
<identifier id="6451FCAC-3E7E-0F93-68DC-31573F2AF878" name="EMPRESA PK">
<createdBy>chris</createdBy>
<createdTime>2020-04-16 23:29:45 UTC</createdTime>
<ownerDesignName>MER_TransportePublico</ownerDesignName>
<pk>true</pk>
<usedAttributes>
<attributeRef>426C8DFA-3CA8-E923-13B2-CDFF3C9DCB89</attributeRef>
</usedAttributes>
</identifier>
</identifiers>
</Entity>