<?xml version = '1.0' encoding = 'UTF-8'?>
<Entity class="oracle.dbtools.crest.model.design.logical.Entity" directorySegmentName="seg_0" id="6519C6B2-07C6-99F7-F867-C49F138E01F0" name="REGISTRO_CONDUCCION">
<createdBy>chris</createdBy>
<createdTime>2020-04-14 02:04:37 UTC</createdTime>
<ownerDesignName>MER_TransportePublico</ownerDesignName>
<engineerTo>
<item key="5F9F0AF7-8B58-27C0-EC29-E9D4FF62216B" value="true"/>
</engineerTo>
<adequatelyNormalized>NO</adequatelyNormalized>
<expectedVolumes>0</expectedVolumes>
<fwdEngineeringStrategyName>Single Table</fwdEngineeringStrategyName>
<growthPercent>0</growthPercent>
<growthType>Year</growthType>
<maxVolumes>9999999</maxVolumes>
<minVolumes>0</minVolumes>
<normalForm>Third</normalForm>
<shortName>REG_COND</shortName>
<attributes itemClass="oracle.dbtools.crest.model.design.logical.Attribute">
<Attribute name="idRegistroConduccion" id="10FADF9F-E527-EC35-49FF-65E82B58C859">
<createdBy>chris</createdBy>
<createdTime>2020-04-14 02:05:32 UTC</createdTime>
<ownerDesignName>MER_TransportePublico</ownerDesignName>
<engineerTo>
<item key="5F9F0AF7-8B58-27C0-EC29-E9D4FF62216B" value="true"/>
</engineerTo>
<useDomainConstraints>false</useDomainConstraints>
<use>1</use>
<logicalDatatype>LOGDT019</logicalDatatype>
<dataTypePrecision>8</dataTypePrecision>
<ownDataTypeParameters>,8,</ownDataTypeParameters>
</Attribute>
<Attribute name="fechaRecepcion" id="C9EE4376-72C9-A5B2-9306-34FE4588FC54">
<createdBy>chris</createdBy>
<createdTime>2020-04-14 02:05:50 UTC</createdTime>
<ownerDesignName>MER_TransportePublico</ownerDesignName>
<engineerTo>
<item key="5F9F0AF7-8B58-27C0-EC29-E9D4FF62216B" value="true"/>
</engineerTo>
<useDomainConstraints>false</useDomainConstraints>
<use>1</use>
<logicalDatatype>LOGDT007</logicalDatatype>
<ownDataTypeParameters>,,</ownDataTypeParameters>
</Attribute>
<Attribute name="fechaEntrega" id="77629EC3-6058-5056-3DF6-0497514B291D">
<createdBy>chris</createdBy>
<createdTime>2020-04-14 02:06:06 UTC</createdTime>
<ownerDesignName>MER_TransportePublico</ownerDesignName>
<engineerTo>
<item key="5F9F0AF7-8B58-27C0-EC29-E9D4FF62216B" value="true"/>
</engineerTo>
<nullsAllowed>true</nullsAllowed>
<useDomainConstraints>false</useDomainConstraints>
<use>1</use>
<logicalDatatype>LOGDT007</logicalDatatype>
<ownDataTypeParameters>,,</ownDataTypeParameters>
</Attribute>
<Attribute name="patente" id="0A40D8D4-D37C-49AA-429B-5E9213461BC9">
<createdBy>chris</createdBy>
<createdTime>2020-04-14 02:06:50 UTC</createdTime>
<generatorID>38C2B390-EBD5-93EC-5729-D47B9C5C3491</generatorID>
<ownerDesignName>MER_TransportePublico</ownerDesignName>
<engineerTo>
<item key="5F9F0AF7-8B58-27C0-EC29-E9D4FF62216B" value="true"/>
</engineerTo>
<referedAttribute>8D2B4F63-E097-D9C0-AAA2-4B93936D6B61</referedAttribute>
<useDomainConstraints>false</useDomainConstraints>
<use>1</use>
<logicalDatatype>LOGDT024</logicalDatatype>
<dataTypeSize>6</dataTypeSize>
<ownDataTypeParameters>6,,</ownDataTypeParameters>
</Attribute>
<Attribute name="rut_chofer" id="07EF2C6F-3B6C-798B-543E-A2AC550527DE">
<createdBy>chris</createdBy>
<createdTime>2022-04-22 18:47:30 UTC</createdTime>
<generatorID>3B7231F2-E8C9-B72C-FFE7-140CAD68C967</generatorID>
<ownerDesignName>MER_TransportePublico</ownerDesignName>
<engineerTo>
<item key="5F9F0AF7-8B58-27C0-EC29-E9D4FF62216B" value="true"/>
</engineerTo>
<referedAttribute>DC7509D5-B85A-00F1-3F75-F4BB95B1C236</referedAttribute>
<useDomainConstraints>false</useDomainConstraints>
<use>1</use>
<logicalDatatype>LOGDT024</logicalDatatype>
<ownDataTypeParameters>,,</ownDataTypeParameters>
</Attribute>
<Attribute name="idRecorrido" id="4F1507C9-410A-983C-A17B-5A12542A86CB">
<createdBy>chris</createdBy>
<createdTime>2022-04-22 19:38:01 UTC</createdTime>
<generatorID>686D72DE-9181-49E0-1CB3-DA0462A7ADA5</generatorID>
<ownerDesignName>MER_TransportePublico</ownerDesignName>
<engineerTo>
<item key="5F9F0AF7-8B58-27C0-EC29-E9D4FF62216B" value="true"/>
</engineerTo>
<referedAttribute>7BC2E03C-62B1-9A16-5508-7E64A1703E26</referedAttribute>
<useDomainConstraints>false</useDomainConstraints>
<use>1</use>
<logicalDatatype>LOGDT019</logicalDatatype>
<dataTypePrecision>10</dataTypePrecision>
<ownDataTypeParameters>,,</ownDataTypeParameters>
</Attribute>
</attributes>
<identifiers itemClass="oracle.dbtools.crest.model.design.logical.CandidateKey">
<identifier id="8E3DD5BE-1007-1263-04A3-3313451BC284" name="REGISTRO_CONDUCCION PK">
<createdBy>chris</createdBy>
<createdTime>2020-04-14 02:05:49 UTC</createdTime>
<ownerDesignName>MER_TransportePublico</ownerDesignName>
<engineerTo>
<item key="5F9F0AF7-8B58-27C0-EC29-E9D4FF62216B" value="true"/>
</engineerTo>
<pk>true</pk>
<usedAttributes>
<attributeRef>10FADF9F-E527-EC35-49FF-65E82B58C859</attributeRef>
</usedAttributes>
</identifier>
</identifiers>
</Entity>