<?xml version = '1.0' encoding = 'UTF-8'?>
<Entity class="oracle.dbtools.crest.model.design.logical.Entity" directorySegmentName="seg_0" id="8ACB2438-A149-7F57-D3CA-633CF9D62C4E" name="SUBSIDIO">
<createdBy>chris</createdBy>
<createdTime>2020-04-14 01:20:52 UTC</createdTime>
<ownerDesignName>MER_TransportePublico</ownerDesignName>
<engineerTo>
<item key="A0438562-77C3-4605-2866-ED91A3052470" value="true"/>
<item key="28C672C8-EBF0-CF0F-71C9-72F97CF1C9A1" value="true"/>
</engineerTo>
<adequatelyNormalized>NO</adequatelyNormalized>
<expectedVolumes>0</expectedVolumes>
<fwdEngineeringStrategyName>Single Table</fwdEngineeringStrategyName>
<growthPercent>0</growthPercent>
<growthType>Year</growthType>
<maxVolumes>9999999</maxVolumes>
<minVolumes>0</minVolumes>
<normalForm>Third</normalForm>
<shortName>SUB</shortName>
<attributes itemClass="oracle.dbtools.crest.model.design.logical.Attribute">
<Attribute name="idSubsidio" id="B35057A4-C438-E186-D5FC-E48058C87EEF">
<createdBy>chris</createdBy>
<createdTime>2020-04-21 01:50:58 UTC</createdTime>
<ownerDesignName>MER_TransportePublico</ownerDesignName>
<engineerTo>
<item key="A0438562-77C3-4605-2866-ED91A3052470" value="true"/>
<item key="28C672C8-EBF0-CF0F-71C9-72F97CF1C9A1" value="true"/>
</engineerTo>
<useDomainConstraints>false</useDomainConstraints>
<use>1</use>
<logicalDatatype>LOGDT019</logicalDatatype>
<dataTypePrecision>6</dataTypePrecision>
<ownDataTypeParameters>,6,</ownDataTypeParameters>
</Attribute>
<Attribute name="monto" id="592799F5-E64E-6A64-F2F1-F24268135A92">
<createdBy>chris</createdBy>
<createdTime>2020-04-21 01:51:16 UTC</createdTime>
<ownerDesignName>MER_TransportePublico</ownerDesignName>
<engineerTo>
<item key="A0438562-77C3-4605-2866-ED91A3052470" value="true"/>
<item key="28C672C8-EBF0-CF0F-71C9-72F97CF1C9A1" value="true"/>
</engineerTo>
<useDomainConstraints>false</useDomainConstraints>
<use>1</use>
<logicalDatatype>LOGDT019</logicalDatatype>
<dataTypePrecision>7</dataTypePrecision>
<ownDataTypeParameters>,7,</ownDataTypeParameters>
</Attribute>
<Attribute name="idContrato" id="EC1FAA86-4307-6A9E-5205-C0E8EB824666">
<createdBy>chris</createdBy>
<createdTime>2020-04-21 01:52:56 UTC</createdTime>
<generatorID>C236B91D-570A-1DA1-591D-5EAF842DD5B9</generatorID>
<ownerDesignName>MER_TransportePublico</ownerDesignName>
<engineerTo>
<item key="A0438562-77C3-4605-2866-ED91A3052470" value="true"/>
<item key="28C672C8-EBF0-CF0F-71C9-72F97CF1C9A1" value="true"/>
</engineerTo>
<referedAttribute>18C102EE-9ED9-9294-5573-D1278937DCD1</referedAttribute>
<useDomainConstraints>false</useDomainConstraints>
<use>1</use>
<logicalDatatype>LOGDT019</logicalDatatype>
<dataTypePrecision>10</dataTypePrecision>
<ownDataTypeParameters>,10,</ownDataTypeParameters>
</Attribute>
</attributes>
<identifiers itemClass="oracle.dbtools.crest.model.design.logical.CandidateKey">
<identifier id="47EB1714-7CDF-4CBD-1FDE-04C7B48F0D56" name="SUBSIDIO PK">
<createdBy>chris</createdBy>
<createdTime>2020-04-21 01:51:15 UTC</createdTime>
<ownerDesignName>MER_TransportePublico</ownerDesignName>
<engineerTo>
<item key="A0438562-77C3-4605-2866-ED91A3052470" value="true"/>
<item key="28C672C8-EBF0-CF0F-71C9-72F97CF1C9A1" value="true"/>
</engineerTo>
<pk>true</pk>
<usedAttributes>
<attributeRef>B35057A4-C438-E186-D5FC-E48058C87EEF</attributeRef>
<attributeRef>EC1FAA86-4307-6A9E-5205-C0E8EB824666</attributeRef>
</usedAttributes>
</identifier>
</identifiers>
</Entity>