<?xml version = '1.0' encoding = 'UTF-8'?>
<Entity class="oracle.dbtools.crest.model.design.logical.Entity" directorySegmentName="seg_0" id="C69D212A-C08A-176A-2480-DE0EA66F3E4A" name="COMUNA">
<createdBy>chris</createdBy>
<createdTime>2020-04-14 01:18:17 UTC</createdTime>
<ownerDesignName>MER_TransportePublico</ownerDesignName>
<adequatelyNormalized>NO</adequatelyNormalized>
<expectedVolumes>0</expectedVolumes>
<fwdEngineeringStrategyName>Single Table</fwdEngineeringStrategyName>
<growthPercent>0</growthPercent>
<growthType>Year</growthType>
<maxVolumes>9999999</maxVolumes>
<minVolumes>0</minVolumes>
<normalForm>Third</normalForm>
<shortName>COM</shortName>
<attributes itemClass="oracle.dbtools.crest.model.design.logical.Attribute">
<Attribute name="idComuna" id="6FDB81F4-95F6-5289-94D6-23C85CEA4BC0">
<createdBy>chris</createdBy>
<createdTime>2020-04-16 23:37:56 UTC</createdTime>
<ownerDesignName>MER_TransportePublico</ownerDesignName>
<useDomainConstraints>false</useDomainConstraints>
<use>1</use>
<logicalDatatype>LOGDT019</logicalDatatype>
<dataTypePrecision>3</dataTypePrecision>
<ownDataTypeParameters>,3,</ownDataTypeParameters>
</Attribute>
<Attribute name="nombre" id="3998E583-3B99-7139-794B-CF8950377D95">
<createdBy>chris</createdBy>
<createdTime>2020-04-16 23:38:52 UTC</createdTime>
<ownerDesignName>MER_TransportePublico</ownerDesignName>
<useDomainConstraints>false</useDomainConstraints>
<use>1</use>
<logicalDatatype>LOGDT024</logicalDatatype>
<dataTypeSize>50</dataTypeSize>
<ownDataTypeParameters>50,,</ownDataTypeParameters>
</Attribute>
<Attribute name="idProvincia" id="4261B4CA-1D5E-EBA4-F97E-260B929BF4FE">
<createdBy>chris</createdBy>
<createdTime>2020-04-16 23:46:55 UTC</createdTime>
<generatorID>F968C9E8-8EED-FC88-CFE0-7ABD97943B6F</generatorID>
<ownerDesignName>MER_TransportePublico</ownerDesignName>
<referedAttribute>B52F4CA5-F4E9-DDDB-93F2-243F5E25D523</referedAttribute>
<useDomainConstraints>false</useDomainConstraints>
<use>1</use>
<logicalDatatype>LOGDT024</logicalDatatype>
<dataTypeSize>3</dataTypeSize>
<ownDataTypeParameters>3,,</ownDataTypeParameters>
</Attribute>
<Attribute name="idRegion" id="3913D453-538A-70C6-FB95-335E5981D2DE">
<createdBy>chris</createdBy>
<createdTime>2020-04-16 23:46:55 UTC</createdTime>
<generatorID>F968C9E8-8EED-FC88-CFE0-7ABD97943B6F</generatorID>
<ownerDesignName>MER_TransportePublico</ownerDesignName>
<referedAttribute>588AEE57-6704-2E76-6366-83FA4AC060BB</referedAttribute>
<useDomainConstraints>false</useDomainConstraints>
<use>1</use>
<logicalDatatype>LOGDT019</logicalDatatype>
<dataTypePrecision>2</dataTypePrecision>
<ownDataTypeParameters>,2,</ownDataTypeParameters>
</Attribute>
</attributes>
<identifiers itemClass="oracle.dbtools.crest.model.design.logical.CandidateKey">
<identifier id="C5D60E10-8EB2-EF79-D7DD-93594688FDC0" name="COMUNA PK">
<createdBy>chris</createdBy>
<createdTime>2020-04-16 23:38:51 UTC</createdTime>
<ownerDesignName>MER_TransportePublico</ownerDesignName>
<pk>true</pk>
<usedAttributes>
<attributeRef>6FDB81F4-95F6-5289-94D6-23C85CEA4BC0</attributeRef>
</usedAttributes>
</identifier>
</identifiers>
</Entity>