<?xml version = '1.0' encoding = 'UTF-8'?>
<Entity class="oracle.dbtools.crest.model.design.logical.Entity" directorySegmentName="seg_0" id="D73957BE-3D8A-527F-4BE4-2056AEFBE226" name="PROVINCIA">
<createdBy>chris</createdBy>
<createdTime>2020-04-14 01:18:26 UTC</createdTime>
<ownerDesignName>MER_TransportePublico</ownerDesignName>
<adequatelyNormalized>NO</adequatelyNormalized>
<expectedVolumes>0</expectedVolumes>
<fwdEngineeringStrategyName>Single Table</fwdEngineeringStrategyName>
<growthPercent>0</growthPercent>
<growthType>Year</growthType>
<maxVolumes>9999999</maxVolumes>
<minVolumes>0</minVolumes>
<normalForm>Third</normalForm>
<shortName>PRO</shortName>
<attributes itemClass="oracle.dbtools.crest.model.design.logical.Attribute">
<Attribute name="idProvincia" id="B52F4CA5-F4E9-DDDB-93F2-243F5E25D523">
<createdBy>chris</createdBy>
<createdTime>2020-04-16 23:34:10 UTC</createdTime>
<ownerDesignName>MER_TransportePublico</ownerDesignName>
<useDomainConstraints>false</useDomainConstraints>
<use>1</use>
<logicalDatatype>LOGDT024</logicalDatatype>
<dataTypeSize>3</dataTypeSize>
<ownDataTypeParameters>3,,</ownDataTypeParameters>
</Attribute>
<Attribute name="nombre" id="D0A08B6D-EB63-4424-4BEF-BBFF6F1D9DA1">
<createdBy>chris</createdBy>
<createdTime>2020-04-16 23:34:29 UTC</createdTime>
<ownerDesignName>MER_TransportePublico</ownerDesignName>
<useDomainConstraints>false</useDomainConstraints>
<use>1</use>
<logicalDatatype>LOGDT024</logicalDatatype>
<dataTypeSize>30</dataTypeSize>
<ownDataTypeParameters>30,,</ownDataTypeParameters>
</Attribute>
<Attribute name="idRegion" id="588AEE57-6704-2E76-6366-83FA4AC060BB">
<createdBy>chris</createdBy>
<createdTime>2020-04-16 23:44:12 UTC</createdTime>
<generatorID>5E4B5495-5BDC-4F38-9086-7658A5F6A297</generatorID>
<ownerDesignName>MER_TransportePublico</ownerDesignName>
<referedAttribute>15CBF2CE-2A08-A4C8-9F27-DF598F54CB6B</referedAttribute>
<useDomainConstraints>false</useDomainConstraints>
<use>1</use>
<logicalDatatype>LOGDT019</logicalDatatype>
<dataTypePrecision>2</dataTypePrecision>
<ownDataTypeParameters>,2,</ownDataTypeParameters>
</Attribute>
</attributes>
<identifiers itemClass="oracle.dbtools.crest.model.design.logical.CandidateKey">
<identifier id="E1ACB81F-DE2A-FBD7-DC79-DD16219C5824" name="PROVINCIA PK">
<createdBy>chris</createdBy>
<createdTime>2020-04-16 23:34:27 UTC</createdTime>
<ownerDesignName>MER_TransportePublico</ownerDesignName>
<pk>true</pk>
<usedAttributes>
<attributeRef>B52F4CA5-F4E9-DDDB-93F2-243F5E25D523</attributeRef>
<attributeRef>588AEE57-6704-2E76-6366-83FA4AC060BB</attributeRef>
</usedAttributes>
</identifier>
</identifiers>
</Entity>