<?xml version = '1.0' encoding = 'UTF-8'?>
<Entity class="oracle.dbtools.crest.model.design.logical.Entity" directorySegmentName="seg_0" id="FC1AE467-7D13-9B59-86ED-8471B1CDD02C" name="DETALLE_LICENCIA">
<createdBy>chris</createdBy>
<createdTime>2022-04-22 18:48:38 UTC</createdTime>
<ownerDesignName>MER_TransportePublico</ownerDesignName>
<adequatelyNormalized>NO</adequatelyNormalized>
<expectedVolumes>0</expectedVolumes>
<fwdEngineeringStrategyName>Single Table</fwdEngineeringStrategyName>
<growthPercent>0</growthPercent>
<growthType>Year</growthType>
<maxVolumes>9999999</maxVolumes>
<minVolumes>0</minVolumes>
<normalForm>Third</normalForm>
<attributes itemClass="oracle.dbtools.crest.model.design.logical.Attribute">
<Attribute name="id_detalle_licencia" id="A5DDD325-6536-19BC-84D6-9C9F0BBF96BD">
<createdBy>chris</createdBy>
<createdTime>2022-04-22 18:48:49 UTC</createdTime>
<ownerDesignName>MER_TransportePublico</ownerDesignName>
<useDomainConstraints>false</useDomainConstraints>
<use>1</use>
<logicalDatatype>LOGDT019</logicalDatatype>
<ownDataTypeParameters>,,</ownDataTypeParameters>
</Attribute>
<Attribute name="id_licencia" id="123832CD-004E-8C31-8140-555A8F117AF0">
<createdBy>chris</createdBy>
<createdTime>2022-04-22 18:49:58 UTC</createdTime>
<generatorID>7B9AF26C-BBA1-5D14-81CA-4B805840407A</generatorID>
<ownerDesignName>MER_TransportePublico</ownerDesignName>
<referedAttribute>FF9D85F4-CB9F-84CF-A476-3DE7F6CF38E7</referedAttribute>
<useDomainConstraints>false</useDomainConstraints>
<use>1</use>
<logicalDatatype>LOGDT019</logicalDatatype>
<dataTypePrecision>3</dataTypePrecision>
<ownDataTypeParameters>,,</ownDataTypeParameters>
</Attribute>
<Attribute name="rut_chofer" id="7FB697CF-294D-3C5E-CA5D-D6D2AD1F34B7">
<createdBy>chris</createdBy>
<createdTime>2022-04-22 18:49:52 UTC</createdTime>
<generatorID>D2F7CF43-D597-BC33-F07F-395B85313A2E</generatorID>
<ownerDesignName>MER_TransportePublico</ownerDesignName>
<referedAttribute>DC7509D5-B85A-00F1-3F75-F4BB95B1C236</referedAttribute>
<useDomainConstraints>false</useDomainConstraints>
<use>1</use>
<logicalDatatype>LOGDT024</logicalDatatype>
<ownDataTypeParameters>,,</ownDataTypeParameters>
</Attribute>
<Attribute name="numero_licencia" id="47CD1673-38B5-0C4F-3992-D11035AC5C21">
<createdBy>chris</createdBy>
<createdTime>2022-04-22 19:23:04 UTC</createdTime>
<ownerDesignName>MER_TransportePublico</ownerDesignName>
<useDomainConstraints>false</useDomainConstraints>
<use>1</use>
<logicalDatatype>LOGDT019</logicalDatatype>
<ownDataTypeParameters>,,</ownDataTypeParameters>
</Attribute>
<Attribute name="fecha_emision" id="A705DF9E-A0AD-4C37-23D6-62D390515F14">
<createdBy>chris</createdBy>
<createdTime>2022-04-22 18:48:59 UTC</createdTime>
<ownerDesignName>MER_TransportePublico</ownerDesignName>
<useDomainConstraints>false</useDomainConstraints>
<use>1</use>
<logicalDatatype>LOGDT007</logicalDatatype>
<ownDataTypeParameters>,,</ownDataTypeParameters>
</Attribute>
<Attribute name="fecha_vencimiento" id="3C7C3A33-57DD-96D1-6987-020D539B5FC0">
<createdBy>chris</createdBy>
<createdTime>2022-04-22 18:49:09 UTC</createdTime>
<ownerDesignName>MER_TransportePublico</ownerDesignName>
<useDomainConstraints>false</useDomainConstraints>
<use>1</use>
<logicalDatatype>LOGDT007</logicalDatatype>
<ownDataTypeParameters>,,</ownDataTypeParameters>
</Attribute>
<Attribute name="idComuna" id="6813B13E-2A11-A7D7-96C2-F0DA2196D935">
<createdBy>chris</createdBy>
<createdTime>2022-04-24 07:05:08 UTC</createdTime>
<generatorID>CC0EE684-5CF4-2B71-F13F-98D0A1B82F79</generatorID>
<ownerDesignName>MER_TransportePublico</ownerDesignName>
<referedAttribute>6FDB81F4-95F6-5289-94D6-23C85CEA4BC0</referedAttribute>
<useDomainConstraints>false</useDomainConstraints>
<use>1</use>
<logicalDatatype>LOGDT019</logicalDatatype>
<dataTypePrecision>3</dataTypePrecision>
<ownDataTypeParameters>,,</ownDataTypeParameters>
</Attribute>
</attributes>
<identifiers itemClass="oracle.dbtools.crest.model.design.logical.CandidateKey">
<identifier id="78A5D86E-12D3-0FF5-B908-C08D74F5E5B2" name="DETALLE_LICENCIA PK">
<createdBy>chris</createdBy>
<createdTime>2022-04-22 18:48:58 UTC</createdTime>
<ownerDesignName>MER_TransportePublico</ownerDesignName>
<pk>true</pk>
<usedAttributes>
<attributeRef>A5DDD325-6536-19BC-84D6-9C9F0BBF96BD</attributeRef>
</usedAttributes>
</identifier>
</identifiers>
</Entity>