<?xml version = '1.0' encoding = 'UTF-8'?>
<Diagram class="oracle.dbtools.crest.swingui.logical.DPVLogical" name="Logical" id="502512EB-DABA-64B6-1BB6-99F337417ADD">
<createdBy>chris</createdBy>
<modifiedBy>chris</modifiedBy>
<createdTime>2022-04-20 15:27:33 UTC</createdTime>
<autoRoute>false</autoRoute>
<boxInbox>true</boxInbox>
<showLegend>false</showLegend>
<showLabels>false</showLabels>
<showRelAttributes>false</showRelAttributes>
<gridEnabled>false</gridEnabled>
<showGrid>false</showGrid>
<diagramColor>-1</diagramColor>
<display>false</display>
<notation>1</notation>
<objectViews>
<OView class="oracle.dbtools.crest.swingui.logical.TVEntity" oid="38956257-5269-2B52-8355-5DCEC5AFD876" otype="Entity" vid="6499FE88-5E2A-E9ED-90B0-F264312D3981">
<hideElementsInCurrentOnly>false</hideElementsInCurrentOnly>
<bounds x="416" y="211" width="170" height="110"/>
</OView>
<OView class="oracle.dbtools.crest.swingui.logical.TVEntity" oid="4A556AB6-E6AD-9999-1638-557A0A79D08B" otype="Entity" vid="DE7FDA79-F06C-F5D9-1FEF-4EED3164A80E">
<hideElementsInCurrentOnly>false</hideElementsInCurrentOnly>
<bounds x="808" y="23" width="170" height="128"/>
</OView>
<OView class="oracle.dbtools.crest.swingui.logical.TVEntity" oid="56A06CE3-3286-692D-6918-DA714D710284" otype="Entity" vid="8723B3DB-DC86-70EB-D0E3-38DB6C0A7CFC">
<hideElementsInCurrentOnly>false</hideElementsInCurrentOnly>
<bounds x="544" y="37" width="170" height="110"/>
</OView>
<OView class="oracle.dbtools.crest.swingui.logical.TVEntity" oid="873406FA-7E6D-5617-15E1-654051400B05" otype="Entity" vid="38450007-A91B-FC93-D04E-8210444488D6">
<hideElementsInCurrentOnly>false</hideElementsInCurrentOnly>
<bounds x="647" y="206" width="170" height="110"/>
</OView>
<OView class="oracle.dbtools.crest.swingui.logical.TVEntity" oid="AA126FC1-DC0C-0694-106D-8E7B6783FC5D" otype="Entity" vid="61C4889E-4D17-FD91-F292-4F5C2FA6565E">
<hideElementsInCurrentOnly>false</hideElementsInCurrentOnly>
<bounds x="833" y="323" width="170" height="110"/>
</OView>
<OView class="oracle.dbtools.crest.swingui.logical.TVEntity" oid="B39BA057-BD54-5856-F2CF-A714715B9A76" otype="Entity" vid="6CF11D54-D64F-A4FE-8E34-4369405EFB54">
<hideElementsInCurrentOnly>false</hideElementsInCurrentOnly>
<bounds x="14" y="22" width="170" height="160"/>
</OView>
<OView class="oracle.dbtools.crest.swingui.logical.TVEntity" oid="D3287461-718E-B13C-DFDF-324FF5CE33B5" otype="Entity" vid="15842508-9087-171C-424E-A0802CA924AB">
<hideElementsInCurrentOnly>false</hideElementsInCurrentOnly>
<bounds x="196" y="235" width="170" height="160"/>
</OView>
<OView class="oracle.dbtools.crest.swingui.logical.TVEntity" oid="F00E59AE-3813-756A-58A3-F45DC926F9E5" otype="Entity" vid="69B83030-F33A-7766-7966-CB9EF8916A8D">
<hideElementsInCurrentOnly>false</hideElementsInCurrentOnly>
<bounds x="278" y="35" width="170" height="110"/>
</OView>
</objectViews>
<connectors>
<Connector class="oracle.dbtools.crest.swingui.logical.TVRelation" oid="3B8C8A11-B350-27D5-42A2-9C7B18BBF558" otype="Relation" vid_source="61C4889E-4D17-FD91-F292-4F5C2FA6565E" vid_target="DE7FDA79-F06C-F5D9-1FEF-4EED3164A80E">
<hideElementsInCurrentOnly>false</hideElementsInCurrentOnly>
<backgroundColor>-16777216</backgroundColor>
<lineWidth>1</lineWidth>
<points>
<point x="905" y="323"/>
<point x="905" y="151"/>
</points>
</Connector>
<Connector class="oracle.dbtools.crest.swingui.logical.TVRelation" oid="5C302467-0480-B576-BA4C-438F22779067" otype="Relation" vid_source="6CF11D54-D64F-A4FE-8E34-4369405EFB54" vid_target="69B83030-F33A-7766-7966-CB9EF8916A8D">
<hideElementsInCurrentOnly>false</hideElementsInCurrentOnly>
<backgroundColor>-16777216</backgroundColor>
<lineWidth>1</lineWidth>
<points>
<point x="184" y="90"/>
<point x="278" y="90"/>
</points>
</Connector>
<Connector class="oracle.dbtools.crest.swingui.logical.TVRelation" oid="5E3AF16F-4F0A-CE96-65FE-243D47CCDD5D" otype="Relation" vid_source="6499FE88-5E2A-E9ED-90B0-F264312D3981" vid_target="38450007-A91B-FC93-D04E-8210444488D6">
<hideElementsInCurrentOnly>false</hideElementsInCurrentOnly>
<backgroundColor>-16777216</backgroundColor>
<lineWidth>1</lineWidth>
<points>
<point x="586" y="263"/>
<point x="647" y="263"/>
</points>
</Connector>
<Connector class="oracle.dbtools.crest.swingui.logical.TVRelation" oid="8D7E5AF6-DF7A-4F8B-39C2-4D2914675DF6" otype="Relation" vid_source="DE7FDA79-F06C-F5D9-1FEF-4EED3164A80E" vid_target="8723B3DB-DC86-70EB-D0E3-38DB6C0A7CFC">
<hideElementsInCurrentOnly>false</hideElementsInCurrentOnly>
<backgroundColor>-16777216</backgroundColor>
<lineWidth>1</lineWidth>
<points>
<point x="808" y="92"/>
<point x="714" y="92"/>
</points>
</Connector>
<Connector class="oracle.dbtools.crest.swingui.logical.TVRelation" oid="93A2EBE6-5647-87FC-A98E-6A7F009574C3" otype="Relation" vid_source="DE7FDA79-F06C-F5D9-1FEF-4EED3164A80E" vid_target="38450007-A91B-FC93-D04E-8210444488D6">
<hideElementsInCurrentOnly>false</hideElementsInCurrentOnly>
<backgroundColor>-16777216</backgroundColor>
<lineWidth>1</lineWidth>
<points>
<point x="850" y="151"/>
<point x="850" y="256"/>
<point x="817" y="256"/>
</points>
</Connector>
<Connector class="oracle.dbtools.crest.swingui.logical.TVRelation" oid="BB240AE0-0B14-260D-BA70-070C0CFD7CA8" otype="Relation" vid_source="15842508-9087-171C-424E-A0802CA924AB" vid_target="69B83030-F33A-7766-7966-CB9EF8916A8D">
<hideElementsInCurrentOnly>false</hideElementsInCurrentOnly>
<backgroundColor>-16777216</backgroundColor>
<lineWidth>1</lineWidth>
<points>
<point x="322" y="235"/>
<point x="322" y="145"/>
</points>
</Connector>
<Connector class="oracle.dbtools.crest.swingui.logical.TVRelation" oid="CE930C24-B7E0-AC3E-BEF8-DCA1689E43D8" otype="Relation" vid_source="69B83030-F33A-7766-7966-CB9EF8916A8D" vid_target="8723B3DB-DC86-70EB-D0E3-38DB6C0A7CFC">
<hideElementsInCurrentOnly>false</hideElementsInCurrentOnly>
<backgroundColor>-16777216</backgroundColor>
<lineWidth>1</lineWidth>
<points>
<point x="448" y="91"/>
<point x="544" y="91"/>
</points>
</Connector>
</connectors>
</Diagram>