<?xml version = '1.0' encoding = 'UTF-8'?>
<Relation class="oracle.dbtools.crest.model.design.logical.Relation" name="Relation_17" directorySegmentName="seg_0" id="075F842C-6C27-F09F-5432-E6FB6FC6C965">
<createdBy>chris</createdBy>
<createdTime>2022-04-22 18:51:33 UTC</createdTime>
<ownerDesignName>MER_TransportePublico</ownerDesignName>
<engineerTo>
<item key="5F9F0AF7-8B58-27C0-EC29-E9D4FF62216B" value="true"/>
</engineerTo>
<sourcePk>6451FCAC-3E7E-0F93-68DC-31573F2AF878</sourcePk>
<identifying>false</identifying>
<optionalSource>false</optionalSource>
<optionalTarget>false</optionalTarget>
<sourceCardinality>1</sourceCardinality>
<sourceEntity>5EBD48D0-C3E2-4EC3-B8B3-3E782A455206</sourceEntity>
<targetCardinalityString>*</targetCardinalityString>
<targetEntity>612DFBC3-9977-D87B-1D54-E2652D752075</targetEntity>
<transferable>true</transferable>
<deleteRule>NO ACTION</deleteRule>
</Relation>