<?xml version = '1.0' encoding = 'UTF-8'?>
<Relation class="oracle.dbtools.crest.model.design.logical.Relation" name="Relation_18" directorySegmentName="seg_0" id="1AACA1D5-018F-B77A-7FA4-144B75CBA098">
<createdBy>chris</createdBy>
<createdTime>2022-04-22 18:51:49 UTC</createdTime>
<ownerDesignName>MER_TransportePublico</ownerDesignName>
<engineerTo>
<item key="5F9F0AF7-8B58-27C0-EC29-E9D4FF62216B" value="true"/>
</engineerTo>
<sourcePk>C5D60E10-8EB2-EF79-D7DD-93594688FDC0</sourcePk>
<identifying>false</identifying>
<optionalSource>true</optionalSource>
<optionalTarget>false</optionalTarget>
<sourceCardinality>1</sourceCardinality>
<sourceEntity>C69D212A-C08A-176A-2480-DE0EA66F3E4A</sourceEntity>
<targetCardinalityString>*</targetCardinalityString>
<targetEntity>4B941B2F-F6FA-0AFC-CE8E-996CE398DEF9</targetEntity>
<transferable>true</transferable>
<deleteRule>NO ACTION</deleteRule>
</Relation>