<?xml version = '1.0' encoding = 'UTF-8'?>
<Relation class="oracle.dbtools.crest.model.design.logical.Relation" name="veh_registro" directorySegmentName="seg_0" id="38C2B390-EBD5-93EC-5729-D47B9C5C3491">
<createdBy>chris</createdBy>
<createdTime>2020-04-14 02:06:50 UTC</createdTime>
<ownerDesignName>MER_TransportePublico</ownerDesignName>
<engineerTo>
<item key="5F9F0AF7-8B58-27C0-EC29-E9D4FF62216B" value="true"/>
</engineerTo>
<sourcePk>B55A636B-C67E-C025-756E-52FDA2C3CE41</sourcePk>
<identifying>false</identifying>
<optionalSource>true</optionalSource>
<optionalTarget>false</optionalTarget>
<sourceCardinality>1</sourceCardinality>
<sourceEntity>1B215866-C77E-8AA5-B766-6E6262F7E7E1</sourceEntity>
<targetCardinalityString>*</targetCardinalityString>
<targetEntity>6519C6B2-07C6-99F7-F867-C49F138E01F0</targetEntity>
<transferable>true</transferable>
<deleteRule>NO ACTION</deleteRule>
</Relation>