<?xml version = '1.0' encoding = 'UTF-8'?>
<Relation class="oracle.dbtools.crest.model.design.logical.Relation" name="Relation_14" directorySegmentName="seg_0" id="3B7231F2-E8C9-B72C-FFE7-140CAD68C967">
<createdBy>chris</createdBy>
<createdTime>2022-04-22 18:47:30 UTC</createdTime>
<ownerDesignName>MER_TransportePublico</ownerDesignName>
<engineerTo>
<item key="5F9F0AF7-8B58-27C0-EC29-E9D4FF62216B" value="true"/>
</engineerTo>
<sourcePk>1D70C877-2A11-06A7-D1B3-1AEDB89ECFFA</sourcePk>
<identifying>false</identifying>
<optionalSource>true</optionalSource>
<optionalTarget>false</optionalTarget>
<sourceCardinality>1</sourceCardinality>
<sourceEntity>4B941B2F-F6FA-0AFC-CE8E-996CE398DEF9</sourceEntity>
<targetCardinalityString>*</targetCardinalityString>
<targetEntity>6519C6B2-07C6-99F7-F867-C49F138E01F0</targetEntity>
<transferable>true</transferable>
<deleteRule>NO ACTION</deleteRule>
</Relation>