<?xml version = '1.0' encoding = 'UTF-8'?>
<Relation class="oracle.dbtools.crest.model.design.logical.Relation" name="com_emp" directorySegmentName="seg_0" id="40E1C41E-FD9B-B427-A7C7-8EFCE905C16B">
<createdBy>chris</createdBy>
<createdTime>2020-04-16 23:51:20 UTC</createdTime>
<ownerDesignName>MER_TransportePublico</ownerDesignName>
<engineerTo>
<item key="5F9F0AF7-8B58-27C0-EC29-E9D4FF62216B" value="true"/>
</engineerTo>
<sourcePk>C5D60E10-8EB2-EF79-D7DD-93594688FDC0</sourcePk>
<identifying>false</identifying>
<optionalSource>true</optionalSource>
<optionalTarget>false</optionalTarget>
<sourceCardinality>1</sourceCardinality>
<sourceEntity>C69D212A-C08A-176A-2480-DE0EA66F3E4A</sourceEntity>
<targetCardinalityString>*</targetCardinalityString>
<targetEntity>5EBD48D0-C3E2-4EC3-B8B3-3E782A455206</targetEntity>
<transferable>true</transferable>
<deleteRule>NO ACTION</deleteRule>
</Relation>