<?xml version = '1.0' encoding = 'UTF-8'?>
<Relation class="oracle.dbtools.crest.model.design.logical.Relation" name="emp_veh" directorySegmentName="seg_0" id="5B9F8C94-1F4D-AEA8-9C5A-D822EEF3986A">
<createdBy>chris</createdBy>
<createdTime>2020-04-16 23:22:35 UTC</createdTime>
<ownerDesignName>MER_TransportePublico</ownerDesignName>
<engineerTo>
<item key="A0438562-77C3-4605-2866-ED91A3052470" value="true"/>
<item key="28C672C8-EBF0-CF0F-71C9-72F97CF1C9A1" value="true"/>
</engineerTo>
<sourcePk>6451FCAC-3E7E-0F93-68DC-31573F2AF878</sourcePk>
<identifying>false</identifying>
<nameOnSource>debe tener registrado</nameOnSource>
<nameOnTarget>debe estar asociado</nameOnTarget>
<optionalSource>false</optionalSource>
<optionalTarget>false</optionalTarget>
<sourceCardinality>1</sourceCardinality>
<sourceEntity>5EBD48D0-C3E2-4EC3-B8B3-3E782A455206</sourceEntity>
<targetCardinalityString>*</targetCardinalityString>
<targetEntity>1B215866-C77E-8AA5-B766-6E6262F7E7E1</targetEntity>
<transferable>true</transferable>
<deleteRule>NO ACTION</deleteRule>
</Relation>