<?xml version = '1.0' encoding = 'UTF-8'?>
<Relation class="oracle.dbtools.crest.model.design.logical.Relation" name="reg_prov" directorySegmentName="seg_0" id="5E4B5495-5BDC-4F38-9086-7658A5F6A297">
<createdBy>chris</createdBy>
<createdTime>2020-04-16 23:44:12 UTC</createdTime>
<ownerDesignName>MER_TransportePublico</ownerDesignName>
<engineerTo>
<item key="5F9F0AF7-8B58-27C0-EC29-E9D4FF62216B" value="true"/>
</engineerTo>
<sourcePk>9D6FA2C6-E7F3-A8B0-F44A-AE4912FE7C6C</sourcePk>
<identifying>false</identifying>
<optionalSource>false</optionalSource>
<optionalTarget>false</optionalTarget>
<sourceCardinality>1</sourceCardinality>
<sourceEntity>0D503735-D7CB-086E-C239-B46644376441</sourceEntity>
<targetCardinalityString>*</targetCardinalityString>
<targetEntity>D73957BE-3D8A-527F-4BE4-2056AEFBE226</targetEntity>
<transferable>true</transferable>
<deleteRule>NO ACTION</deleteRule>
</Relation>