<?xml version = '1.0' encoding = 'UTF-8'?>
<Relation class="oracle.dbtools.crest.model.design.logical.Relation" name="Relation_23" directorySegmentName="seg_0" id="686D72DE-9181-49E0-1CB3-DA0462A7ADA5">
<createdBy>chris</createdBy>
<createdTime>2022-04-22 19:38:01 UTC</createdTime>
<ownerDesignName>MER_TransportePublico</ownerDesignName>
<engineerTo>
<item key="5F9F0AF7-8B58-27C0-EC29-E9D4FF62216B" value="true"/>
</engineerTo>
<sourcePk>9A23483C-D43D-0428-EF13-00A01FE65AF1</sourcePk>
<identifying>false</identifying>
<optionalSource>true</optionalSource>
<optionalTarget>false</optionalTarget>
<sourceCardinality>1</sourceCardinality>
<sourceEntity>7E445DE3-60DA-82D4-ACB7-B1C6B0664035</sourceEntity>
<targetCardinalityString>*</targetCardinalityString>
<targetEntity>6519C6B2-07C6-99F7-F867-C49F138E01F0</targetEntity>
<transferable>true</transferable>
<deleteRule>NO ACTION</deleteRule>
</Relation>