<?xml version = '1.0' encoding = 'UTF-8'?>
<Relation class="oracle.dbtools.crest.model.design.logical.Relation" name="Relation_16" directorySegmentName="seg_0" id="7B9AF26C-BBA1-5D14-81CA-4B805840407A">
<createdBy>chris</createdBy>
<createdTime>2022-04-22 18:49:58 UTC</createdTime>
<ownerDesignName>MER_TransportePublico</ownerDesignName>
<engineerTo>
<item key="5F9F0AF7-8B58-27C0-EC29-E9D4FF62216B" value="true"/>
</engineerTo>
<sourcePk>477948ED-23A6-D752-4073-4B948BEAED47</sourcePk>
<identifying>false</identifying>
<optionalSource>true</optionalSource>
<optionalTarget>false</optionalTarget>
<sourceCardinality>1</sourceCardinality>
<sourceEntity>A6E6A896-AA58-8422-EBF7-51A1ED6A885B</sourceEntity>
<targetCardinalityString>*</targetCardinalityString>
<targetEntity>FC1AE467-7D13-9B59-86ED-8471B1CDD02C</targetEntity>
<transferable>true</transferable>
<deleteRule>NO ACTION</deleteRule>
</Relation>