<?xml version = '1.0' encoding = 'UTF-8'?>
<Relation class="oracle.dbtools.crest.model.design.logical.Relation" name="recorrido_registro" directorySegmentName="seg_0" id="A936B051-D88F-D424-D824-86D5B12F8DF9">
<createdBy>chris</createdBy>
<createdTime>2020-04-21 01:29:11 UTC</createdTime>
<ownerDesignName>MER_TransportePublico</ownerDesignName>
<engineerTo>
<item key="A0438562-77C3-4605-2866-ED91A3052470" value="true"/>
<item key="28C672C8-EBF0-CF0F-71C9-72F97CF1C9A1" value="true"/>
</engineerTo>
<sourcePk>9A23483C-D43D-0428-EF13-00A01FE65AF1</sourcePk>
<identifying>false</identifying>
<optionalSource>false</optionalSource>
<optionalTarget>false</optionalTarget>
<sourceCardinality>1</sourceCardinality>
<sourceEntity>7E445DE3-60DA-82D4-ACB7-B1C6B0664035</sourceEntity>
<targetCardinalityString>*</targetCardinalityString>
<targetEntity>24724803-9F07-9849-18B1-D7478AB7558B</targetEntity>
<transferable>true</transferable>
<deleteRule>NO ACTION</deleteRule>
</Relation>