<?xml version = '1.0' encoding = 'UTF-8'?>
<Relation class="oracle.dbtools.crest.model.design.logical.Relation" name="CONT_SUB" directorySegmentName="seg_0" id="C236B91D-570A-1DA1-591D-5EAF842DD5B9">
<createdBy>chris</createdBy>
<createdTime>2020-04-21 01:52:56 UTC</createdTime>
<ownerDesignName>MER_TransportePublico</ownerDesignName>
<engineerTo>
<item key="A0438562-77C3-4605-2866-ED91A3052470" value="true"/>
<item key="28C672C8-EBF0-CF0F-71C9-72F97CF1C9A1" value="true"/>
</engineerTo>
<targetTransferable>false</targetTransferable>
<sourcePk>1952FDF4-B23B-7DAD-EDFD-0049947A0233</sourcePk>
<dominantRole>28570A6B-7B1B-3972-8B7B-C4935D5B6EEB</dominantRole>
<identifying>true</identifying>
<optionalSource>true</optionalSource>
<optionalTarget>false</optionalTarget>
<sourceCardinality>1</sourceCardinality>
<sourceEntity>28570A6B-7B1B-3972-8B7B-C4935D5B6EEB</sourceEntity>
<targetCardinalityString>1</targetCardinalityString>
<targetEntity>8ACB2438-A149-7F57-D3CA-633CF9D62C4E</targetEntity>
<transferable>true</transferable>
<deleteRule>NO ACTION</deleteRule>
</Relation>