<?xml version = '1.0' encoding = 'UTF-8'?>
<Relation class="oracle.dbtools.crest.model.design.logical.Relation" name="Relation_25" directorySegmentName="seg_0" id="CC0EE684-5CF4-2B71-F13F-98D0A1B82F79">
<createdBy>chris</createdBy>
<createdTime>2022-04-24 07:05:08 UTC</createdTime>
<ownerDesignName>MER_TransportePublico</ownerDesignName>
<sourcePk>C5D60E10-8EB2-EF79-D7DD-93594688FDC0</sourcePk>
<identifying>false</identifying>
<optionalSource>true</optionalSource>
<optionalTarget>false</optionalTarget>
<sourceCardinality>1</sourceCardinality>
<sourceEntity>C69D212A-C08A-176A-2480-DE0EA66F3E4A</sourceEntity>
<targetCardinalityString>*</targetCardinalityString>
<targetEntity>FC1AE467-7D13-9B59-86ED-8471B1CDD02C</targetEntity>
<transferable>true</transferable>
<deleteRule>NO ACTION</deleteRule>
</Relation>