<?xml version = '1.0' encoding = 'UTF-8'?>
<Relation class="oracle.dbtools.crest.model.design.logical.Relation" name="emp_registro_rec" directorySegmentName="seg_0" id="CDED433E-07DA-1DC4-09DC-8FD29E218147">
<createdBy>chris</createdBy>
<createdTime>2020-04-21 01:28:49 UTC</createdTime>
<ownerDesignName>MER_TransportePublico</ownerDesignName>
<engineerTo>
<item key="A0438562-77C3-4605-2866-ED91A3052470" value="true"/>
<item key="28C672C8-EBF0-CF0F-71C9-72F97CF1C9A1" value="true"/>
</engineerTo>
<sourcePk>6451FCAC-3E7E-0F93-68DC-31573F2AF878</sourcePk>
<identifying>false</identifying>
<optionalSource>false</optionalSource>
<optionalTarget>false</optionalTarget>
<sourceCardinality>1</sourceCardinality>
<sourceEntity>5EBD48D0-C3E2-4EC3-B8B3-3E782A455206</sourceEntity>
<targetCardinalityString>*</targetCardinalityString>
<targetEntity>24724803-9F07-9849-18B1-D7478AB7558B</targetEntity>
<transferable>true</transferable>
<deleteRule>NO ACTION</deleteRule>
</Relation>