<?xml version = '1.0' encoding = 'UTF-8'?>
<Relation class="oracle.dbtools.crest.model.design.logical.Relation" name="Relation_15" directorySegmentName="seg_0" id="D2F7CF43-D597-BC33-F07F-395B85313A2E">
<createdBy>chris</createdBy>
<createdTime>2022-04-22 18:49:52 UTC</createdTime>
<ownerDesignName>MER_TransportePublico</ownerDesignName>
<engineerTo>
<item key="5F9F0AF7-8B58-27C0-EC29-E9D4FF62216B" value="true"/>
</engineerTo>
<sourcePk>1D70C877-2A11-06A7-D1B3-1AEDB89ECFFA</sourcePk>
<identifying>false</identifying>
<optionalSource>false</optionalSource>
<optionalTarget>false</optionalTarget>
<sourceCardinality>1</sourceCardinality>
<sourceEntity>4B941B2F-F6FA-0AFC-CE8E-996CE398DEF9</sourceEntity>
<targetCardinalityString>*</targetCardinalityString>
<targetEntity>FC1AE467-7D13-9B59-86ED-8471B1CDD02C</targetEntity>
<transferable>true</transferable>
<deleteRule>NO ACTION</deleteRule>
</Relation>