<?xml version = '1.0' encoding = 'UTF-8'?>
<Relation class="oracle.dbtools.crest.model.design.logical.Relation" name="Relation_20" directorySegmentName="seg_0" id="D56F9204-6610-ED58-9A46-F6FBC3316E8F">
<createdBy>chris</createdBy>
<createdTime>2022-04-22 18:53:24 UTC</createdTime>
<ownerDesignName>MER_TransportePublico</ownerDesignName>
<engineerTo>
<item key="5F9F0AF7-8B58-27C0-EC29-E9D4FF62216B" value="true"/>
</engineerTo>
<sourcePk>1D70C877-2A11-06A7-D1B3-1AEDB89ECFFA</sourcePk>
<targetPk>1952FDF4-B23B-7DAD-EDFD-0049947A0233</targetPk>
<identifying>false</identifying>
<optionalSource>false</optionalSource>
<optionalTarget>false</optionalTarget>
<sourceCardinality>1</sourceCardinality>
<sourceEntity>4B941B2F-F6FA-0AFC-CE8E-996CE398DEF9</sourceEntity>
<targetCardinalityString>1</targetCardinalityString>
<targetEntity>28570A6B-7B1B-3972-8B7B-C4935D5B6EEB</targetEntity>
<transferable>true</transferable>
<deleteRule>NO ACTION</deleteRule>
</Relation>