<?xml version = '1.0' encoding = 'UTF-8'?>
<Relation class="oracle.dbtools.crest.model.design.logical.Relation" name="Relation_22" directorySegmentName="seg_0" id="F2AB2CBC-CFEA-0275-908C-658D5EC0FDE7">
<createdBy>chris</createdBy>
<createdTime>2022-04-24 06:46:41 UTC</createdTime>
<ownerDesignName>MER_TransportePublico</ownerDesignName>
<sourcePk>6451FCAC-3E7E-0F93-68DC-31573F2AF878</sourcePk>
<identifying>false</identifying>
<optionalSource>true</optionalSource>
<optionalTarget>false</optionalTarget>
<sourceCardinality>1</sourceCardinality>
<sourceEntity>5EBD48D0-C3E2-4EC3-B8B3-3E782A455206</sourceEntity>
<targetCardinalityString>*</targetCardinalityString>
<targetEntity>28570A6B-7B1B-3972-8B7B-C4935D5B6EEB</targetEntity>
<transferable>true</transferable>
<deleteRule>NO ACTION</deleteRule>
</Relation>