<?xml version = '1.0' encoding = 'UTF-8'?>
<Relation class="oracle.dbtools.crest.model.design.logical.Relation" name="prov_com" directorySegmentName="seg_0" id="F968C9E8-8EED-FC88-CFE0-7ABD97943B6F">
<createdBy>chris</createdBy>
<createdTime>2020-04-16 23:46:55 UTC</createdTime>
<ownerDesignName>MER_TransportePublico</ownerDesignName>
<engineerTo>
<item key="5F9F0AF7-8B58-27C0-EC29-E9D4FF62216B" value="true"/>
</engineerTo>
<sourcePk>E1ACB81F-DE2A-FBD7-DC79-DD16219C5824</sourcePk>
<identifying>false</identifying>
<optionalSource>false</optionalSource>
<optionalTarget>false</optionalTarget>
<sourceCardinality>1</sourceCardinality>
<sourceEntity>D73957BE-3D8A-527F-4BE4-2056AEFBE226</sourceEntity>
<targetCardinalityString>*</targetCardinalityString>
<targetEntity>C69D212A-C08A-176A-2480-DE0EA66F3E4A</targetEntity>
<transferable>true</transferable>
<deleteRule>NO ACTION</deleteRule>
</Relation>