<?xml version = '1.0' encoding = 'UTF-8'?>
<Relation class="oracle.dbtools.crest.model.design.logical.Relation" name="se_crea" directorySegmentName="seg_0" id="62810DBE-B86A-8155-EBD9-29EE12DAB976">
<createdBy>Cetecom</createdBy>
<createdTime>2022-04-12 19:37:09 UTC</createdTime>
<ownerDesignName>MER_Zoo_010D</ownerDesignName>
<engineerTo>
<item key="646F607B-A239-728E-92D5-14B7A4B16052" value="true"/>
</engineerTo>
<sourcePk>98C3224C-FB9B-BAE9-3252-322972DEB859</sourcePk>
<identifying>false</identifying>
<optionalSource>true</optionalSource>
<optionalTarget>false</optionalTarget>
<sourceCardinality>1</sourceCardinality>
<sourceEntity>05A10504-0713-76D5-542E-B4F5F2D84875</sourceEntity>
<targetCardinalityString>*</targetCardinalityString>
<targetEntity>B8C40AA2-7161-71FF-133E-B2E2A93CC02E</targetEntity>
<transferable>true</transferable>
<deleteRule>NO ACTION</deleteRule>
</Relation>