<?xml version = '1.0' encoding = 'UTF-8'?>
<Relation class="oracle.dbtools.crest.model.design.logical.Relation" name="puede_guiar" directorySegmentName="seg_0" id="9470C878-3F31-094B-7362-C3889B6DDFDC">
<createdBy>Cetecom</createdBy>
<createdTime>2022-04-19 19:39:55 UTC</createdTime>
<ownerDesignName>MER_Zoo_010D</ownerDesignName>
<engineerTo>
<item key="646F607B-A239-728E-92D5-14B7A4B16052" value="true"/>
</engineerTo>
<sourcePk>4D692591-7333-E125-687A-9C115113B515</sourcePk>
<identifying>false</identifying>
<optionalSource>true</optionalSource>
<optionalTarget>false</optionalTarget>
<sourceCardinality>1</sourceCardinality>
<sourceEntity>13B20642-8385-44BD-5C60-A589CCB3C821</sourceEntity>
<targetCardinalityString>*</targetCardinalityString>
<targetEntity>8F019C8C-CEFD-3CA0-D980-BD7511105428</targetEntity>
<transferable>true</transferable>
<deleteRule>NO ACTION</deleteRule>
</Relation>