<?xml version = '1.0' encoding = 'UTF-8'?>
<Relation class="oracle.dbtools.crest.model.design.logical.Relation" name="puede_ser_guiado" directorySegmentName="seg_0" id="CB6D28B9-ED60-6B9C-4DF3-0F894B49EBBE">
<createdBy>Cetecom</createdBy>
<createdTime>2022-04-19 19:39:41 UTC</createdTime>
<ownerDesignName>MER_Zoo_010D</ownerDesignName>
<engineerTo>
<item key="646F607B-A239-728E-92D5-14B7A4B16052" value="true"/>
</engineerTo>
<sourcePk>7FEA7CCF-D586-F5C8-F566-5F232CCB4F93</sourcePk>
<identifying>false</identifying>
<optionalSource>true</optionalSource>
<optionalTarget>false</optionalTarget>
<sourceCardinality>1</sourceCardinality>
<sourceEntity>864881B6-634F-3109-5A84-F2CB842C0B09</sourceEntity>
<targetCardinalityString>*</targetCardinalityString>
<targetEntity>8F019C8C-CEFD-3CA0-D980-BD7511105428</targetEntity>
<transferable>true</transferable>
<deleteRule>NO ACTION</deleteRule>
</Relation>