<?xml version = '1.0' encoding = 'UTF-8'?>
<Relation class="oracle.dbtools.crest.model.design.logical.Relation" name="Relation_5" directorySegmentName="seg_0" id="E7E393A4-6B32-50E8-B34A-892D12F55512">
<createdBy>Cetecom</createdBy>
<createdTime>2022-04-13 21:13:38 UTC</createdTime>
<ownerDesignName>MER_Zoo_010D</ownerDesignName>
<engineerTo>
<item key="646F607B-A239-728E-92D5-14B7A4B16052" value="true"/>
</engineerTo>
<sourcePk>98C3224C-FB9B-BAE9-3252-322972DEB859</sourcePk>
<identifying>false</identifying>
<optionalSource>false</optionalSource>
<optionalTarget>false</optionalTarget>
<sourceCardinality>1</sourceCardinality>
<sourceEntity>05A10504-0713-76D5-542E-B4F5F2D84875</sourceEntity>
<targetCardinalityString>*</targetCardinalityString>
<targetEntity>C9D698C1-C297-170D-52F3-77D9B38B5959</targetEntity>
<transferable>true</transferable>
<deleteRule>NO ACTION</deleteRule>
</Relation>