<?xml version = '1.0' encoding = 'UTF-8'?>
<Relation class="oracle.dbtools.crest.model.design.logical.Relation" name="queda_a_cargo" directorySegmentName="seg_0" id="EDE3A060-3A89-3941-9AA5-5BBB463BBA07">
<createdBy>Cetecom</createdBy>
<createdTime>2022-04-19 19:25:41 UTC</createdTime>
<ownerDesignName>MER_Zoo_010D</ownerDesignName>
<engineerTo>
<item key="646F607B-A239-728E-92D5-14B7A4B16052" value="true"/>
</engineerTo>
<sourcePk>F164413A-D93E-147B-BB74-79533E773850</sourcePk>
<identifying>false</identifying>
<optionalSource>true</optionalSource>
<optionalTarget>false</optionalTarget>
<sourceCardinality>1</sourceCardinality>
<sourceEntity>AC415050-F6A6-E276-B0F7-3106D02C0ED4</sourceEntity>
<targetCardinalityString>*</targetCardinalityString>
<targetEntity>380D3A3A-23D2-E7DF-47C7-744F252E237C</targetEntity>
<transferable>true</transferable>
<deleteRule>NO ACTION</deleteRule>
</Relation>