<?xml version = '1.0' encoding = 'UTF-8'?>
<Relation class="oracle.dbtools.crest.model.design.logical.Relation" name="provee" directorySegmentName="seg_0" id="3B8C8A11-B350-27D5-42A2-9C7B18BBF558">
<createdBy>chris</createdBy>
<createdTime>2022-04-20 15:43:49 UTC</createdTime>
<ownerDesignName>MER_Farmacia_010D</ownerDesignName>
<engineerTo>
<item key="4BB900EA-AB15-2805-8A25-34E68930919D" value="true"/>
</engineerTo>
<sourcePk>C4781986-7192-BD90-DF5C-A3F4182F1983</sourcePk>
<identifying>false</identifying>
<optionalSource>true</optionalSource>
<optionalTarget>false</optionalTarget>
<sourceCardinality>1</sourceCardinality>
<sourceEntity>AA126FC1-DC0C-0694-106D-8E7B6783FC5D</sourceEntity>
<targetCardinalityString>*</targetCardinalityString>
<targetEntity>4A556AB6-E6AD-9999-1638-557A0A79D08B</targetEntity>
<transferable>true</transferable>
<deleteRule>NO ACTION</deleteRule>
</Relation>