<?xml version = '1.0' encoding = 'UTF-8'?>
<Relation class="oracle.dbtools.crest.model.design.logical.Relation" name="esta_asociado" directorySegmentName="seg_0" id="5C302467-0480-B576-BA4C-438F22779067">
<createdBy>chris</createdBy>
<createdTime>2022-04-20 15:49:24 UTC</createdTime>
<ownerDesignName>MER_Farmacia_010D</ownerDesignName>
<engineerTo>
<item key="4BB900EA-AB15-2805-8A25-34E68930919D" value="true"/>
</engineerTo>
<sourcePk>1B4C4B73-7042-2325-CD63-1DD1C644320C</sourcePk>
<identifying>false</identifying>
<optionalSource>true</optionalSource>
<optionalTarget>true</optionalTarget>
<sourceCardinality>1</sourceCardinality>
<sourceEntity>B39BA057-BD54-5856-F2CF-A714715B9A76</sourceEntity>
<targetCardinalityString>*</targetCardinalityString>
<targetEntity>F00E59AE-3813-756A-58A3-F45DC926F9E5</targetEntity>
<transferable>true</transferable>
<deleteRule>NO ACTION</deleteRule>
</Relation>