<?xml version = '1.0' encoding = 'UTF-8'?>
<Relation class="oracle.dbtools.crest.model.design.logical.Relation" name="Relation_8" directorySegmentName="seg_0" id="5E3AF16F-4F0A-CE96-65FE-243D47CCDD5D">
<createdBy>Cetecom</createdBy>
<createdTime>2022-04-20 20:54:58 UTC</createdTime>
<ownerDesignName>MER_Farmacia_010D</ownerDesignName>
<engineerTo>
<item key="4BB900EA-AB15-2805-8A25-34E68930919D" value="true"/>
</engineerTo>
<sourcePk>3B310C43-7D67-52D2-58E4-C357D972A41A</sourcePk>
<identifying>false</identifying>
<optionalSource>true</optionalSource>
<optionalTarget>false</optionalTarget>
<sourceCardinality>1</sourceCardinality>
<sourceEntity>38956257-5269-2B52-8355-5DCEC5AFD876</sourceEntity>
<targetCardinalityString>*</targetCardinalityString>
<targetEntity>873406FA-7E6D-5617-15E1-654051400B05</targetEntity>
<transferable>true</transferable>
<deleteRule>NO ACTION</deleteRule>
</Relation>