<?xml version = '1.0' encoding = 'UTF-8'?>
<Relation class="oracle.dbtools.crest.model.design.logical.Relation" name="Relation_5" directorySegmentName="seg_0" id="8D7E5AF6-DF7A-4F8B-39C2-4D2914675DF6">
<createdBy>chris</createdBy>
<createdTime>2022-04-20 15:53:07 UTC</createdTime>
<ownerDesignName>MER_Farmacia_010D</ownerDesignName>
<engineerTo>
<item key="4BB900EA-AB15-2805-8A25-34E68930919D" value="true"/>
</engineerTo>
<sourcePk>1BE563DF-8627-54DE-DA27-7E55120701DA</sourcePk>
<identifying>false</identifying>
<optionalSource>true</optionalSource>
<optionalTarget>false</optionalTarget>
<sourceCardinality>1</sourceCardinality>
<sourceEntity>4A556AB6-E6AD-9999-1638-557A0A79D08B</sourceEntity>
<targetCardinalityString>*</targetCardinalityString>
<targetEntity>56A06CE3-3286-692D-6918-DA714D710284</targetEntity>
<transferable>true</transferable>
<deleteRule>NO ACTION</deleteRule>
</Relation>