<?xml version = '1.0' encoding = 'UTF-8'?>
<Relation class="oracle.dbtools.crest.model.design.logical.Relation" name="Relation_7" directorySegmentName="seg_0" id="93A2EBE6-5647-87FC-A98E-6A7F009574C3">
<createdBy>Cetecom</createdBy>
<createdTime>2022-04-20 20:54:47 UTC</createdTime>
<ownerDesignName>MER_Farmacia_010D</ownerDesignName>
<engineerTo>
<item key="4BB900EA-AB15-2805-8A25-34E68930919D" value="true"/>
</engineerTo>
<sourcePk>1BE563DF-8627-54DE-DA27-7E55120701DA</sourcePk>
<identifying>false</identifying>
<optionalSource>true</optionalSource>
<optionalTarget>false</optionalTarget>
<sourceCardinality>1</sourceCardinality>
<sourceEntity>4A556AB6-E6AD-9999-1638-557A0A79D08B</sourceEntity>
<targetCardinalityString>*</targetCardinalityString>
<targetEntity>873406FA-7E6D-5617-15E1-654051400B05</targetEntity>
<transferable>true</transferable>
<deleteRule>NO ACTION</deleteRule>
</Relation>