<?xml version = '1.0' encoding = 'UTF-8'?>
<Relation class="oracle.dbtools.crest.model.design.logical.Relation" name="realiza" directorySegmentName="seg_0" id="BB240AE0-0B14-260D-BA70-070C0CFD7CA8">
<createdBy>chris</createdBy>
<createdTime>2022-04-20 15:50:25 UTC</createdTime>
<ownerDesignName>MER_Farmacia_010D</ownerDesignName>
<engineerTo>
<item key="4BB900EA-AB15-2805-8A25-34E68930919D" value="true"/>
</engineerTo>
<sourcePk>2562C218-7F48-135A-F1AF-B47A1043F55D</sourcePk>
<identifying>false</identifying>
<optionalSource>true</optionalSource>
<optionalTarget>false</optionalTarget>
<sourceCardinality>1</sourceCardinality>
<sourceEntity>D3287461-718E-B13C-DFDF-324FF5CE33B5</sourceEntity>
<targetCardinalityString>*</targetCardinalityString>
<targetEntity>F00E59AE-3813-756A-58A3-F45DC926F9E5</targetEntity>
<transferable>true</transferable>
<deleteRule>NO ACTION</deleteRule>
</Relation>