<?xml version = '1.0' encoding = 'UTF-8'?>
<Relation class="oracle.dbtools.crest.model.design.logical.Relation" name="Relation_4" directorySegmentName="seg_0" id="CE930C24-B7E0-AC3E-BEF8-DCA1689E43D8">
<createdBy>chris</createdBy>
<createdTime>2022-04-20 15:52:56 UTC</createdTime>
<ownerDesignName>MER_Farmacia_010D</ownerDesignName>
<engineerTo>
<item key="4BB900EA-AB15-2805-8A25-34E68930919D" value="true"/>
</engineerTo>
<sourcePk>6D49E885-34B2-7BFA-2FA3-4859D1370B19</sourcePk>
<identifying>false</identifying>
<optionalSource>false</optionalSource>
<optionalTarget>false</optionalTarget>
<sourceCardinality>1</sourceCardinality>
<sourceEntity>F00E59AE-3813-756A-58A3-F45DC926F9E5</sourceEntity>
<targetCardinalityString>*</targetCardinalityString>
<targetEntity>56A06CE3-3286-692D-6918-DA714D710284</targetEntity>
<transferable>true</transferable>
<deleteRule>NO ACTION</deleteRule>
</Relation>